file,class,method,variable,usage
C:\PROJECTS\testing-samples-main\testing-samples-main\integration\ServiceTestRuleSample\app\src\androidTest\java\com\example\android\testing\ServiceTestRuleSample\LocalServiceTest.java,com.example.android.testing.ServiceTestRuleSample.LocalServiceTest,testWithBoundService/0,mServiceRule,1
C:\PROJECTS\testing-samples-main\testing-samples-main\ui\espresso\IdlingResourceSample\app\src\androidTest\java\com\example\android\testing\espresso\IdlingResourceSample\ChangeTextBehaviorTest.java,com.example.android.testing.espresso.IdlingResourceSample.ChangeTextBehaviorTest,changeText_sameActivity/0,STRING_TO_BE_TYPED,2
C:\PROJECTS\testing-samples-main\testing-samples-main\ui\espresso\IdlingResourceSample\app\src\androidTest\java\com\example\android\testing\espresso\IdlingResourceSample\ChangeTextBehaviorTest.java,com.example.android.testing.espresso.IdlingResourceSample.ChangeTextBehaviorTest,unregisterIdlingResource/0,mIdlingResource,2
C:\PROJECTS\testing-samples-main\testing-samples-main\runner\AndroidJunitRunnerSample\app\src\androidTest\java\com\example\android\testing\androidjunitrunnersample\OperationHintLegacyInstrumentationTest.java,com.example.android.testing.androidjunitrunnersample.OperationHintLegacyInstrumentationTest,testEditText_OperandTwoHint/0,mActivity,1
C:\PROJECTS\testing-samples-main\testing-samples-main\runner\AndroidJunitRunnerSample\app\src\androidTest\java\com\example\android\testing\androidjunitrunnersample\OperationHintLegacyInstrumentationTest.java,com.example.android.testing.androidjunitrunnersample.OperationHintLegacyInstrumentationTest,testEditText_OperandOneHint/0,mActivity,1
C:\PROJECTS\testing-samples-main\testing-samples-main\runner\AndroidJunitRunnerSample\app\src\androidTest\java\com\example\android\testing\androidjunitrunnersample\OperationHintLegacyInstrumentationTest.java,com.example.android.testing.androidjunitrunnersample.OperationHintLegacyInstrumentationTest,setUp/0,mActivity,1
C:\PROJECTS\testing-samples-main\testing-samples-main\runner\AndroidJunitRunnerSample\app\src\androidTest\java\com\example\android\testing\androidjunitrunnersample\OperationHintLegacyInstrumentationTest.java,com.example.android.testing.androidjunitrunnersample.OperationHintLegacyInstrumentationTest,testPreconditions/0,mActivity,1
C:\PROJECTS\testing-samples-main\testing-samples-main\runner\AndroidJunitRunnerSample\app\src\androidTest\java\com\example\android\testing\androidjunitrunnersample\CalculatorTest.java,com.example.android.testing.androidjunitrunnersample.CalculatorTest,divDivideByZeroThrows/0,mCalculator,1
C:\PROJECTS\testing-samples-main\testing-samples-main\runner\AndroidJunitRunnerSample\app\src\androidTest\java\com\example\android\testing\androidjunitrunnersample\CalculatorTest.java,com.example.android.testing.androidjunitrunnersample.CalculatorTest,mulTwoNumbers/0,mCalculator,1
C:\PROJECTS\testing-samples-main\testing-samples-main\runner\AndroidJunitRunnerSample\app\src\androidTest\java\com\example\android\testing\androidjunitrunnersample\CalculatorTest.java,com.example.android.testing.androidjunitrunnersample.CalculatorTest,addTwoNumbers/0,mCalculator,1
C:\PROJECTS\testing-samples-main\testing-samples-main\runner\AndroidJunitRunnerSample\app\src\androidTest\java\com\example\android\testing\androidjunitrunnersample\CalculatorTest.java,com.example.android.testing.androidjunitrunnersample.CalculatorTest,subTwoNumbers/0,mCalculator,1
C:\PROJECTS\testing-samples-main\testing-samples-main\runner\AndroidJunitRunnerSample\app\src\androidTest\java\com\example\android\testing\androidjunitrunnersample\CalculatorTest.java,com.example.android.testing.androidjunitrunnersample.CalculatorTest,setUp/0,mCalculator,1
C:\PROJECTS\testing-samples-main\testing-samples-main\runner\AndroidJunitRunnerSample\app\src\androidTest\java\com\example\android\testing\androidjunitrunnersample\CalculatorTest.java,com.example.android.testing.androidjunitrunnersample.CalculatorTest,subWorksWithNegativeResult/0,mCalculator,1
C:\PROJECTS\testing-samples-main\testing-samples-main\runner\AndroidJunitRunnerSample\app\src\androidTest\java\com\example\android\testing\androidjunitrunnersample\CalculatorTest.java,com.example.android.testing.androidjunitrunnersample.CalculatorTest,divTwoNumbers/0,mCalculator,1
C:\PROJECTS\testing-samples-main\testing-samples-main\ui\espresso\BasicSample\app\src\androidTest\java\com\example\android\testing\espresso\BasicSample\ChangeTextBehaviorTest.java,com.example.android.testing.espresso.BasicSample.ChangeTextBehaviorTest,changeText_newActivity/0,STRING_TO_BE_TYPED,2
C:\PROJECTS\testing-samples-main\testing-samples-main\ui\espresso\BasicSample\app\src\androidTest\java\com\example\android\testing\espresso\BasicSample\ChangeTextBehaviorTest.java,com.example.android.testing.espresso.BasicSample.ChangeTextBehaviorTest,changeText_sameActivity/0,STRING_TO_BE_TYPED,2
C:\PROJECTS\testing-samples-main\testing-samples-main\ui\espresso\WebBasicSample\app\src\androidTest\java\com\example\android\testing\espresso\web\BasicSample\WebViewActivityTest.java,com.example.android.testing.espresso.web.BasicSample.WebViewActivityTest,typeTextInInput_clickButton_SubmitsForm/0,mActivityRule,1
C:\PROJECTS\testing-samples-main\testing-samples-main\ui\espresso\WebBasicSample\app\src\androidTest\java\com\example\android\testing\espresso\web\BasicSample\WebViewActivityTest.java,com.example.android.testing.espresso.web.BasicSample.WebViewActivityTest,typeTextInInput_clickButton_SubmitsForm/0,MACCHIATO,2
C:\PROJECTS\testing-samples-main\testing-samples-main\ui\espresso\WebBasicSample\app\src\androidTest\java\com\example\android\testing\espresso\web\BasicSample\WebViewActivityTest.java,com.example.android.testing.espresso.web.BasicSample.WebViewActivityTest,typeTextInInput_clickButton_ChangesText/0,mActivityRule,1
C:\PROJECTS\testing-samples-main\testing-samples-main\ui\espresso\WebBasicSample\app\src\androidTest\java\com\example\android\testing\espresso\web\BasicSample\WebViewActivityTest.java,com.example.android.testing.espresso.web.BasicSample.WebViewActivityTest,typeTextInInput_clickButton_ChangesText/0,DOPPIO,2
C:\PROJECTS\testing-samples-main\testing-samples-main\ui\espresso\RecyclerViewSample\app\src\androidTest\java\com\example\android\testing\espresso\RecyclerViewSample\RecyclerViewSampleTest.java,com.example.android.testing.espresso.RecyclerViewSample.RecyclerViewSampleTest,scrollToItemBelowFold_checkItsText/0,ITEM_BELOW_THE_FOLD,2
C:\PROJECTS\testing-samples-main\testing-samples-main\unit\BasicUnitAndroidTest\app\src\main\java\com\example\android\testing\unittesting\basicunitandroidtest\LogHistory.java,com.example.android.testing.unittesting.basicunitandroidtest.LogHistory,"addEntry/2[java.lang.String,long]",mData,1
C:\PROJECTS\testing-samples-main\testing-samples-main\unit\BasicUnitAndroidTest\app\src\main\java\com\example\android\testing\unittesting\basicunitandroidtest\LogHistory.java,com.example.android.testing.unittesting.basicunitandroidtest.LogHistory,"writeToParcel/2[com.example.android.testing.unittesting.basicunitandroidtest.Parcel,int]",mData,5
C:\PROJECTS\testing-samples-main\testing-samples-main\unit\BasicUnitAndroidTest\app\src\main\java\com\example\android\testing\unittesting\basicunitandroidtest\LogHistory.java,com.example.android.testing.unittesting.basicunitandroidtest.LogHistory,getData/0,mData,1
C:\PROJECTS\testing-samples-main\testing-samples-main\unit\BasicUnitAndroidTest\app\src\main\java\com\example\android\testing\unittesting\basicunitandroidtest\LogHistory.java,com.example.android.testing.unittesting.basicunitandroidtest.LogHistory,LogHistory/1[com.example.android.testing.unittesting.basicunitandroidtest.Parcel],mData,2
C:\PROJECTS\testing-samples-main\testing-samples-main\ui\uiautomator\BasicSample\app\src\androidTest\java\com\example\android\testing\uiautomator\BasicSample\ChangeTextBehaviorTest.java,com.example.android.testing.uiautomator.BasicSample.ChangeTextBehaviorTest,checkPreconditions/0,mDevice,1
C:\PROJECTS\testing-samples-main\testing-samples-main\ui\uiautomator\BasicSample\app\src\androidTest\java\com\example\android\testing\uiautomator\BasicSample\ChangeTextBehaviorTest.java,com.example.android.testing.uiautomator.BasicSample.ChangeTextBehaviorTest,startMainActivityFromHomeScreen/0,mDevice,4
C:\PROJECTS\testing-samples-main\testing-samples-main\ui\uiautomator\BasicSample\app\src\androidTest\java\com\example\android\testing\uiautomator\BasicSample\ChangeTextBehaviorTest.java,com.example.android.testing.uiautomator.BasicSample.ChangeTextBehaviorTest,startMainActivityFromHomeScreen/0,BASIC_SAMPLE_PACKAGE,2
C:\PROJECTS\testing-samples-main\testing-samples-main\ui\uiautomator\BasicSample\app\src\androidTest\java\com\example\android\testing\uiautomator\BasicSample\ChangeTextBehaviorTest.java,com.example.android.testing.uiautomator.BasicSample.ChangeTextBehaviorTest,startMainActivityFromHomeScreen/0,LAUNCH_TIMEOUT,2
C:\PROJECTS\testing-samples-main\testing-samples-main\ui\uiautomator\BasicSample\app\src\androidTest\java\com\example\android\testing\uiautomator\BasicSample\ChangeTextBehaviorTest.java,com.example.android.testing.uiautomator.BasicSample.ChangeTextBehaviorTest,testChangeText_sameActivity/0,STRING_TO_BE_TYPED,2
C:\PROJECTS\testing-samples-main\testing-samples-main\ui\uiautomator\BasicSample\app\src\androidTest\java\com\example\android\testing\uiautomator\BasicSample\ChangeTextBehaviorTest.java,com.example.android.testing.uiautomator.BasicSample.ChangeTextBehaviorTest,testChangeText_sameActivity/0,mDevice,3
C:\PROJECTS\testing-samples-main\testing-samples-main\ui\uiautomator\BasicSample\app\src\androidTest\java\com\example\android\testing\uiautomator\BasicSample\ChangeTextBehaviorTest.java,com.example.android.testing.uiautomator.BasicSample.ChangeTextBehaviorTest,testChangeText_sameActivity/0,BASIC_SAMPLE_PACKAGE,3
C:\PROJECTS\testing-samples-main\testing-samples-main\ui\uiautomator\BasicSample\app\src\androidTest\java\com\example\android\testing\uiautomator\BasicSample\ChangeTextBehaviorTest.java,com.example.android.testing.uiautomator.BasicSample.ChangeTextBehaviorTest,testChangeText_newActivity/0,STRING_TO_BE_TYPED,2
C:\PROJECTS\testing-samples-main\testing-samples-main\ui\uiautomator\BasicSample\app\src\androidTest\java\com\example\android\testing\uiautomator\BasicSample\ChangeTextBehaviorTest.java,com.example.android.testing.uiautomator.BasicSample.ChangeTextBehaviorTest,testChangeText_newActivity/0,mDevice,3
C:\PROJECTS\testing-samples-main\testing-samples-main\ui\uiautomator\BasicSample\app\src\androidTest\java\com\example\android\testing\uiautomator\BasicSample\ChangeTextBehaviorTest.java,com.example.android.testing.uiautomator.BasicSample.ChangeTextBehaviorTest,testChangeText_newActivity/0,BASIC_SAMPLE_PACKAGE,3
C:\PROJECTS\testing-samples-main\testing-samples-main\ui\espresso\MultiProcessSample\app\src\main\java\com\example\android\testing\espresso\multiprocesssample\DefaultProcessActivity.java,com.example.android.testing.espresso.multiprocesssample.DefaultProcessActivity,onCreate/1[com.example.android.testing.espresso.multiprocesssample.Bundle],textView,2
C:\PROJECTS\testing-samples-main\testing-samples-main\ui\espresso\RecyclerViewSample\app\src\main\java\com\example\android\testing\espresso\RecyclerViewSample\CustomAdapter.java,com.example.android.testing.espresso.RecyclerViewSample.CustomAdapter,getItemCount/0,mDataSet,1
C:\PROJECTS\testing-samples-main\testing-samples-main\ui\espresso\RecyclerViewSample\app\src\main\java\com\example\android\testing\espresso\RecyclerViewSample\CustomAdapter.java,com.example.android.testing.espresso.RecyclerViewSample.CustomAdapter,"onBindViewHolder/2[com.example.android.testing.espresso.RecyclerViewSample.CustomAdapter.ViewHolder,int]",mDataSet,2
C:\PROJECTS\testing-samples-main\testing-samples-main\ui\espresso\RecyclerViewSample\app\src\main\java\com\example\android\testing\espresso\RecyclerViewSample\CustomAdapter.java,com.example.android.testing.espresso.RecyclerViewSample.CustomAdapter,"onBindViewHolder/2[com.example.android.testing.espresso.RecyclerViewSample.CustomAdapter.ViewHolder,int]",mContext,1
C:\PROJECTS\testing-samples-main\testing-samples-main\ui\espresso\RecyclerViewSample\app\src\main\java\com\example\android\testing\espresso\RecyclerViewSample\CustomAdapter.java,com.example.android.testing.espresso.RecyclerViewSample.CustomAdapter,"CustomAdapter/2[java.util.List<java.lang.String>,com.example.android.testing.espresso.RecyclerViewSample.Context]",mDataSet,1
C:\PROJECTS\testing-samples-main\testing-samples-main\ui\espresso\RecyclerViewSample\app\src\main\java\com\example\android\testing\espresso\RecyclerViewSample\CustomAdapter.java,com.example.android.testing.espresso.RecyclerViewSample.CustomAdapter,"CustomAdapter/2[java.util.List<java.lang.String>,com.example.android.testing.espresso.RecyclerViewSample.Context]",mContext,1
C:\PROJECTS\testing-samples-main\testing-samples-main\unit\BasicSample\app\src\test\java\com\example\android\testing\unittesting\BasicSample\SharedPreferencesHelperTest.java,com.example.android.testing.unittesting.BasicSample.SharedPreferencesHelperTest,initMocks/0,mMockBrokenSharedPreferencesHelper,1
C:\PROJECTS\testing-samples-main\testing-samples-main\unit\BasicSample\app\src\test\java\com\example\android\testing\unittesting\BasicSample\SharedPreferencesHelperTest.java,com.example.android.testing.unittesting.BasicSample.SharedPreferencesHelperTest,initMocks/0,mMockSharedPreferencesHelper,1
C:\PROJECTS\testing-samples-main\testing-samples-main\unit\BasicSample\app\src\test\java\com\example\android\testing\unittesting\BasicSample\SharedPreferencesHelperTest.java,com.example.android.testing.unittesting.BasicSample.SharedPreferencesHelperTest,initMocks/0,mSharedPreferenceEntry,1
C:\PROJECTS\testing-samples-main\testing-samples-main\unit\BasicSample\app\src\test\java\com\example\android\testing\unittesting\BasicSample\SharedPreferencesHelperTest.java,com.example.android.testing.unittesting.BasicSample.SharedPreferencesHelperTest,initMocks/0,TEST_NAME,1
C:\PROJECTS\testing-samples-main\testing-samples-main\unit\BasicSample\app\src\test\java\com\example\android\testing\unittesting\BasicSample\SharedPreferencesHelperTest.java,com.example.android.testing.unittesting.BasicSample.SharedPreferencesHelperTest,initMocks/0,TEST_EMAIL,1
C:\PROJECTS\testing-samples-main\testing-samples-main\unit\BasicSample\app\src\test\java\com\example\android\testing\unittesting\BasicSample\SharedPreferencesHelperTest.java,com.example.android.testing.unittesting.BasicSample.SharedPreferencesHelperTest,initMocks/0,TEST_DATE_OF_BIRTH,1
C:\PROJECTS\testing-samples-main\testing-samples-main\unit\BasicSample\app\src\test\java\com\example\android\testing\unittesting\BasicSample\SharedPreferencesHelperTest.java,com.example.android.testing.unittesting.BasicSample.SharedPreferencesHelperTest,sharedPreferencesHelper_SavePersonalInformationFailed_ReturnsFalse/0,mMockBrokenSharedPreferencesHelper,1
C:\PROJECTS\testing-samples-main\testing-samples-main\unit\BasicSample\app\src\test\java\com\example\android\testing\unittesting\BasicSample\SharedPreferencesHelperTest.java,com.example.android.testing.unittesting.BasicSample.SharedPreferencesHelperTest,sharedPreferencesHelper_SavePersonalInformationFailed_ReturnsFalse/0,mSharedPreferenceEntry,1
C:\PROJECTS\testing-samples-main\testing-samples-main\unit\BasicSample\app\src\test\java\com\example\android\testing\unittesting\BasicSample\SharedPreferencesHelperTest.java,com.example.android.testing.unittesting.BasicSample.SharedPreferencesHelperTest,createBrokenMockSharedPreference/0,mMockBrokenEditor,2
C:\PROJECTS\testing-samples-main\testing-samples-main\unit\BasicSample\app\src\test\java\com\example\android\testing\unittesting\BasicSample\SharedPreferencesHelperTest.java,com.example.android.testing.unittesting.BasicSample.SharedPreferencesHelperTest,createBrokenMockSharedPreference/0,mMockBrokenSharedPreferences,2
C:\PROJECTS\testing-samples-main\testing-samples-main\unit\BasicSample\app\src\test\java\com\example\android\testing\unittesting\BasicSample\SharedPreferencesHelperTest.java,com.example.android.testing.unittesting.BasicSample.SharedPreferencesHelperTest,createMockSharedPreference/0,mMockEditor,2
C:\PROJECTS\testing-samples-main\testing-samples-main\unit\BasicSample\app\src\test\java\com\example\android\testing\unittesting\BasicSample\SharedPreferencesHelperTest.java,com.example.android.testing.unittesting.BasicSample.SharedPreferencesHelperTest,createMockSharedPreference/0,mSharedPreferenceEntry,3
C:\PROJECTS\testing-samples-main\testing-samples-main\unit\BasicSample\app\src\test\java\com\example\android\testing\unittesting\BasicSample\SharedPreferencesHelperTest.java,com.example.android.testing.unittesting.BasicSample.SharedPreferencesHelperTest,createMockSharedPreference/0,mMockSharedPreferences,5
C:\PROJECTS\testing-samples-main\testing-samples-main\unit\BasicSample\app\src\test\java\com\example\android\testing\unittesting\BasicSample\SharedPreferencesHelperTest.java,com.example.android.testing.unittesting.BasicSample.SharedPreferencesHelperTest,sharedPreferencesHelper_SaveAndReadPersonalInformation/0,mMockSharedPreferencesHelper,2
C:\PROJECTS\testing-samples-main\testing-samples-main\unit\BasicSample\app\src\test\java\com\example\android\testing\unittesting\BasicSample\SharedPreferencesHelperTest.java,com.example.android.testing.unittesting.BasicSample.SharedPreferencesHelperTest,sharedPreferencesHelper_SaveAndReadPersonalInformation/0,mSharedPreferenceEntry,4
C:\PROJECTS\testing-samples-main\testing-samples-main\unit\BasicUnitAndroidTest\app\src\androidTest\java\com\example\android\testing\unittesting\basicunitandroidtest\LogHistoryAndroidUnitTest.java,com.example.android.testing.unittesting.basicunitandroidtest.LogHistoryAndroidUnitTest,logHistory_ParcelableWriteRead/0,mLogHistory,3
C:\PROJECTS\testing-samples-main\testing-samples-main\unit\BasicUnitAndroidTest\app\src\androidTest\java\com\example\android\testing\unittesting\basicunitandroidtest\LogHistoryAndroidUnitTest.java,com.example.android.testing.unittesting.basicunitandroidtest.LogHistoryAndroidUnitTest,logHistory_ParcelableWriteRead/0,TEST_LONG,2
C:\PROJECTS\testing-samples-main\testing-samples-main\unit\BasicUnitAndroidTest\app\src\androidTest\java\com\example\android\testing\unittesting\basicunitandroidtest\LogHistoryAndroidUnitTest.java,com.example.android.testing.unittesting.basicunitandroidtest.LogHistoryAndroidUnitTest,logHistory_ParcelableWriteRead/0,TEST_STRING,2
C:\PROJECTS\testing-samples-main\testing-samples-main\unit\BasicUnitAndroidTest\app\src\androidTest\java\com\example\android\testing\unittesting\basicunitandroidtest\LogHistoryAndroidUnitTest.java,com.example.android.testing.unittesting.basicunitandroidtest.LogHistoryAndroidUnitTest,createLogHistory/0,mLogHistory,1
C:\PROJECTS\testing-samples-main\testing-samples-main\ui\espresso\BasicSample\app\src\test\java\com\example\android\testing\espresso\BasicSample\ChangeTextBehaviorLocalTest.java,com.example.android.testing.espresso.BasicSample.ChangeTextBehaviorLocalTest,changeText_newActivity/0,STRING_TO_BE_TYPED,1
C:\PROJECTS\testing-samples-main\testing-samples-main\ui\espresso\BasicSample\app\src\test\java\com\example\android\testing\espresso\BasicSample\ChangeTextBehaviorLocalTest.java,com.example.android.testing.espresso.BasicSample.ChangeTextBehaviorLocalTest,changeText_sameActivity/0,STRING_TO_BE_TYPED,2
C:\PROJECTS\testing-samples-main\testing-samples-main\unit\BasicSample\app\src\main\java\com\example\android\testing\unittesting\BasicSample\EmailValidator.java,com.example.android.testing.unittesting.BasicSample.EmailValidator,afterTextChanged/1[com.example.android.testing.unittesting.BasicSample.Editable],mIsValid,1
C:\PROJECTS\testing-samples-main\testing-samples-main\unit\BasicSample\app\src\main\java\com\example\android\testing\unittesting\BasicSample\EmailValidator.java,com.example.android.testing.unittesting.BasicSample.EmailValidator,isValid/0,mIsValid,1
C:\PROJECTS\testing-samples-main\testing-samples-main\unit\BasicSample\app\src\main\java\com\example\android\testing\unittesting\BasicSample\EmailValidator.java,com.example.android.testing.unittesting.BasicSample.EmailValidator,isValidEmail/1[java.lang.CharSequence],EMAIL_PATTERN,1
C:\PROJECTS\testing-samples-main\testing-samples-main\ui\espresso\IntentsAdvancedSample\app\src\main\java\com\example\android\testing\espresso\intents\AdvancedSample\ImageViewerActivity.java,com.example.android.testing.espresso.intents.AdvancedSample.ImageViewerActivity,"onActivityResult/3[int,int,com.example.android.testing.espresso.intents.AdvancedSample.Intent]",mImageView,1
C:\PROJECTS\testing-samples-main\testing-samples-main\ui\espresso\IntentsAdvancedSample\app\src\main\java\com\example\android\testing\espresso\intents\AdvancedSample\ImageViewerActivity.java,com.example.android.testing.espresso.intents.AdvancedSample.ImageViewerActivity,"onActivityResult/3[int,int,com.example.android.testing.espresso.intents.AdvancedSample.Intent]",KEY_IMAGE_DATA,2
C:\PROJECTS\testing-samples-main\testing-samples-main\ui\espresso\IntentsAdvancedSample\app\src\main\java\com\example\android\testing\espresso\intents\AdvancedSample\ImageViewerActivity.java,com.example.android.testing.espresso.intents.AdvancedSample.ImageViewerActivity,"onActivityResult/3[int,int,com.example.android.testing.espresso.intents.AdvancedSample.Intent]",REQUEST_IMAGE_CAPTURE,1
C:\PROJECTS\testing-samples-main\testing-samples-main\ui\espresso\IntentsAdvancedSample\app\src\main\java\com\example\android\testing\espresso\intents\AdvancedSample\ImageViewerActivity.java,com.example.android.testing.espresso.intents.AdvancedSample.ImageViewerActivity,onCreate/1[com.example.android.testing.espresso.intents.AdvancedSample.Bundle],mImageView,1
C:\PROJECTS\testing-samples-main\testing-samples-main\ui\espresso\IntentsAdvancedSample\app\src\main\java\com\example\android\testing\espresso\intents\AdvancedSample\ImageViewerActivity.java,com.example.android.testing.espresso.intents.AdvancedSample.ImageViewerActivity,dispatchTakePictureIntent/0,REQUEST_IMAGE_CAPTURE,1
C:\PROJECTS\testing-samples-main\testing-samples-main\runner\AndroidJunitRunnerSample\app\src\androidTest\java\com\example\android\testing\androidjunitrunnersample\CalculatorAddParameterizedTest.java,com.example.android.testing.androidjunitrunnersample.CalculatorAddParameterizedTest,setUp/0,mCalculator,1
C:\PROJECTS\testing-samples-main\testing-samples-main\runner\AndroidJunitRunnerSample\app\src\androidTest\java\com\example\android\testing\androidjunitrunnersample\CalculatorAddParameterizedTest.java,com.example.android.testing.androidjunitrunnersample.CalculatorAddParameterizedTest,"CalculatorAddParameterizedTest/3[double,double,double]",mOperandOne,1
C:\PROJECTS\testing-samples-main\testing-samples-main\runner\AndroidJunitRunnerSample\app\src\androidTest\java\com\example\android\testing\androidjunitrunnersample\CalculatorAddParameterizedTest.java,com.example.android.testing.androidjunitrunnersample.CalculatorAddParameterizedTest,"CalculatorAddParameterizedTest/3[double,double,double]",mExpectedResult,1
C:\PROJECTS\testing-samples-main\testing-samples-main\runner\AndroidJunitRunnerSample\app\src\androidTest\java\com\example\android\testing\androidjunitrunnersample\CalculatorAddParameterizedTest.java,com.example.android.testing.androidjunitrunnersample.CalculatorAddParameterizedTest,"CalculatorAddParameterizedTest/3[double,double,double]",mOperandTwo,1
C:\PROJECTS\testing-samples-main\testing-samples-main\runner\AndroidJunitRunnerSample\app\src\androidTest\java\com\example\android\testing\androidjunitrunnersample\CalculatorAddParameterizedTest.java,com.example.android.testing.androidjunitrunnersample.CalculatorAddParameterizedTest,testAdd_TwoNumbers/0,mOperandOne,1
C:\PROJECTS\testing-samples-main\testing-samples-main\runner\AndroidJunitRunnerSample\app\src\androidTest\java\com\example\android\testing\androidjunitrunnersample\CalculatorAddParameterizedTest.java,com.example.android.testing.androidjunitrunnersample.CalculatorAddParameterizedTest,testAdd_TwoNumbers/0,mExpectedResult,1
C:\PROJECTS\testing-samples-main\testing-samples-main\runner\AndroidJunitRunnerSample\app\src\androidTest\java\com\example\android\testing\androidjunitrunnersample\CalculatorAddParameterizedTest.java,com.example.android.testing.androidjunitrunnersample.CalculatorAddParameterizedTest,testAdd_TwoNumbers/0,mCalculator,1
C:\PROJECTS\testing-samples-main\testing-samples-main\runner\AndroidJunitRunnerSample\app\src\androidTest\java\com\example\android\testing\androidjunitrunnersample\CalculatorAddParameterizedTest.java,com.example.android.testing.androidjunitrunnersample.CalculatorAddParameterizedTest,testAdd_TwoNumbers/0,mOperandTwo,1
C:\PROJECTS\testing-samples-main\testing-samples-main\ui\espresso\MultiProcessSample\app\src\main\java\com\example\android\testing\espresso\multiprocesssample\Util.java,com.example.android.testing.espresso.multiprocesssample.Util,"setCurrentRunningProcess/2[com.example.android.testing.espresso.multiprocesssample.TextView,com.example.android.testing.espresso.multiprocesssample.Context]",TAG,1
C:\PROJECTS\testing-samples-main\testing-samples-main\ui\espresso\DataAdapterSample\app\src\sharedTest\java\com\example\android\testing\espresso\DataAdapterSample\LongListActivityTest.java,com.example.android.testing.espresso.DataAdapterSample.LongListActivityTest,row_Click/0,TEXT_ITEM_30_SELECTED,1
C:\PROJECTS\testing-samples-main\testing-samples-main\ui\espresso\DataAdapterSample\app\src\sharedTest\java\com\example\android\testing\espresso\DataAdapterSample\LongListActivityTest.java,com.example.android.testing.espresso.DataAdapterSample.LongListActivityTest,row_Click/0,TEXT_ITEM_30,1
C:\PROJECTS\testing-samples-main\testing-samples-main\ui\espresso\DataAdapterSample\app\src\sharedTest\java\com\example\android\testing\espresso\DataAdapterSample\LongListActivityTest.java,com.example.android.testing.espresso.DataAdapterSample.LongListActivityTest,toggle_Click/0,TEXT_ITEM_30,2
C:\PROJECTS\testing-samples-main\testing-samples-main\ui\espresso\DataAdapterSample\app\src\sharedTest\java\com\example\android\testing\espresso\DataAdapterSample\LongListActivityTest.java,com.example.android.testing.espresso.DataAdapterSample.LongListActivityTest,toggle_ClickDoesntPropagate/0,TEXT_ITEM_30_SELECTED,1
C:\PROJECTS\testing-samples-main\testing-samples-main\ui\espresso\DataAdapterSample\app\src\sharedTest\java\com\example\android\testing\espresso\DataAdapterSample\LongListActivityTest.java,com.example.android.testing.espresso.DataAdapterSample.LongListActivityTest,toggle_ClickDoesntPropagate/0,TEXT_ITEM_60,1
C:\PROJECTS\testing-samples-main\testing-samples-main\ui\espresso\DataAdapterSample\app\src\sharedTest\java\com\example\android\testing\espresso\DataAdapterSample\LongListActivityTest.java,com.example.android.testing.espresso.DataAdapterSample.LongListActivityTest,toggle_ClickDoesntPropagate/0,TEXT_ITEM_30,1
C:\PROJECTS\testing-samples-main\testing-samples-main\ui\espresso\DataAdapterSample\app\src\sharedTest\java\com\example\android\testing\espresso\DataAdapterSample\LongListActivityTest.java,com.example.android.testing.espresso.DataAdapterSample.LongListActivityTest,list_Scrolls/0,LAST_ITEM_ID,1
C:\PROJECTS\testing-samples-main\testing-samples-main\ui\espresso\DataAdapterSample\app\src\sharedTest\java\com\example\android\testing\espresso\DataAdapterSample\LongListActivityTest.java,com.example.android.testing.espresso.DataAdapterSample.LongListActivityTest,lastItem_NotDisplayed/0,LAST_ITEM_ID,1
C:\PROJECTS\testing-samples-main\testing-samples-main\runner\AndroidTestOrchestratorSample\app\src\androidTest\java\com\example\android\testing\androidtestorchestratorsample\CalculatorAddParameterizedTest.java,com.example.android.testing.androidtestorchestratorsample.CalculatorAddParameterizedTest,"CalculatorAddParameterizedTest/3[double,double,double]",mOperandOne,1
C:\PROJECTS\testing-samples-main\testing-samples-main\runner\AndroidTestOrchestratorSample\app\src\androidTest\java\com\example\android\testing\androidtestorchestratorsample\CalculatorAddParameterizedTest.java,com.example.android.testing.androidtestorchestratorsample.CalculatorAddParameterizedTest,"CalculatorAddParameterizedTest/3[double,double,double]",mExpectedResult,1
C:\PROJECTS\testing-samples-main\testing-samples-main\runner\AndroidTestOrchestratorSample\app\src\androidTest\java\com\example\android\testing\androidtestorchestratorsample\CalculatorAddParameterizedTest.java,com.example.android.testing.androidtestorchestratorsample.CalculatorAddParameterizedTest,"CalculatorAddParameterizedTest/3[double,double,double]",mOperandTwo,1
C:\PROJECTS\testing-samples-main\testing-samples-main\runner\AndroidTestOrchestratorSample\app\src\androidTest\java\com\example\android\testing\androidtestorchestratorsample\CalculatorAddParameterizedTest.java,com.example.android.testing.androidtestorchestratorsample.CalculatorAddParameterizedTest,setUp/0,mCalculator,1
C:\PROJECTS\testing-samples-main\testing-samples-main\runner\AndroidTestOrchestratorSample\app\src\androidTest\java\com\example\android\testing\androidtestorchestratorsample\CalculatorAddParameterizedTest.java,com.example.android.testing.androidtestorchestratorsample.CalculatorAddParameterizedTest,testAdd_TwoNumbers/0,mOperandOne,1
C:\PROJECTS\testing-samples-main\testing-samples-main\runner\AndroidTestOrchestratorSample\app\src\androidTest\java\com\example\android\testing\androidtestorchestratorsample\CalculatorAddParameterizedTest.java,com.example.android.testing.androidtestorchestratorsample.CalculatorAddParameterizedTest,testAdd_TwoNumbers/0,mExpectedResult,1
C:\PROJECTS\testing-samples-main\testing-samples-main\runner\AndroidTestOrchestratorSample\app\src\androidTest\java\com\example\android\testing\androidtestorchestratorsample\CalculatorAddParameterizedTest.java,com.example.android.testing.androidtestorchestratorsample.CalculatorAddParameterizedTest,testAdd_TwoNumbers/0,mCalculator,1
C:\PROJECTS\testing-samples-main\testing-samples-main\runner\AndroidTestOrchestratorSample\app\src\androidTest\java\com\example\android\testing\androidtestorchestratorsample\CalculatorAddParameterizedTest.java,com.example.android.testing.androidtestorchestratorsample.CalculatorAddParameterizedTest,testAdd_TwoNumbers/0,mOperandTwo,1
C:\PROJECTS\testing-samples-main\testing-samples-main\ui\espresso\IntentsBasicSample\app\src\sharedTest\java\com\example\android\testing\espresso\IntentsBasicSample\DialerActivityTest.java,com.example.android.testing.espresso.IntentsBasicSample.DialerActivityTest,typeNumber_ValidInput_InitiatesCall_truth/0,INTENT_DATA_PHONE_NUMBER,1
C:\PROJECTS\testing-samples-main\testing-samples-main\ui\espresso\IntentsBasicSample\app\src\sharedTest\java\com\example\android\testing\espresso\IntentsBasicSample\DialerActivityTest.java,com.example.android.testing.espresso.IntentsBasicSample.DialerActivityTest,typeNumber_ValidInput_InitiatesCall_truth/0,VALID_PHONE_NUMBER,1
C:\PROJECTS\testing-samples-main\testing-samples-main\ui\espresso\IntentsBasicSample\app\src\sharedTest\java\com\example\android\testing\espresso\IntentsBasicSample\DialerActivityTest.java,com.example.android.testing.espresso.IntentsBasicSample.DialerActivityTest,typeNumber_ValidInput_InitiatesCall/0,INTENT_DATA_PHONE_NUMBER,1
C:\PROJECTS\testing-samples-main\testing-samples-main\ui\espresso\IntentsBasicSample\app\src\sharedTest\java\com\example\android\testing\espresso\IntentsBasicSample\DialerActivityTest.java,com.example.android.testing.espresso.IntentsBasicSample.DialerActivityTest,typeNumber_ValidInput_InitiatesCall/0,VALID_PHONE_NUMBER,1
C:\PROJECTS\testing-samples-main\testing-samples-main\ui\espresso\IntentsBasicSample\app\src\sharedTest\java\com\example\android\testing\espresso\IntentsBasicSample\DialerActivityTest.java,com.example.android.testing.espresso.IntentsBasicSample.DialerActivityTest,pickContactButton_click_SelectsPhoneNumber/0,VALID_PHONE_NUMBER,2
C:\PROJECTS\testing-samples-main\testing-samples-main\ui\espresso\WebBasicSample\app\src\main\java\com\example\android\testing\espresso\web\BasicSample\WebViewActivity.java,com.example.android.testing.espresso.web.BasicSample.WebViewActivity,urlFromIntent/1[com.example.android.testing.espresso.web.BasicSample.Intent],KEY_URL_TO_LOAD,1
C:\PROJECTS\testing-samples-main\testing-samples-main\ui\espresso\WebBasicSample\app\src\main\java\com\example\android\testing\espresso\web\BasicSample\WebViewActivity.java,com.example.android.testing.espresso.web.BasicSample.WebViewActivity,urlFromIntent/1[com.example.android.testing.espresso.web.BasicSample.Intent],WEB_FORM_URL,1
C:\PROJECTS\testing-samples-main\testing-samples-main\ui\espresso\WebBasicSample\app\src\main\java\com\example\android\testing\espresso\web\BasicSample\WebViewActivity.java,com.example.android.testing.espresso.web.BasicSample.WebViewActivity,onCreate/1[com.example.android.testing.espresso.web.BasicSample.Bundle],mWebView,5
C:\PROJECTS\testing-samples-main\testing-samples-main\ui\espresso\DataAdapterSample\app\src\main\java\com\example\android\testing\espresso\DataAdapterSample\LongListActivity.java,com.example.android.testing.espresso.DataAdapterSample.LongListActivity,populateData/0,NUMBER_OF_ITEMS,1
C:\PROJECTS\testing-samples-main\testing-samples-main\ui\espresso\DataAdapterSample\app\src\main\java\com\example\android\testing\espresso\DataAdapterSample\LongListActivity.java,com.example.android.testing.espresso.DataAdapterSample.LongListActivity,populateData/0,data,1
C:\PROJECTS\testing-samples-main\testing-samples-main\ui\espresso\DataAdapterSample\app\src\main\java\com\example\android\testing\espresso\DataAdapterSample\LongListActivity.java,com.example.android.testing.espresso.DataAdapterSample.LongListActivity,onCreate/1[com.example.android.testing.espresso.DataAdapterSample.Bundle],ROW_TEXT,1
C:\PROJECTS\testing-samples-main\testing-samples-main\ui\espresso\DataAdapterSample\app\src\main\java\com\example\android\testing\espresso\DataAdapterSample\LongListActivity.java,com.example.android.testing.espresso.DataAdapterSample.LongListActivity,onCreate/1[com.example.android.testing.espresso.DataAdapterSample.Bundle],ROW_ENABLED,1
C:\PROJECTS\testing-samples-main\testing-samples-main\ui\espresso\DataAdapterSample\app\src\main\java\com\example\android\testing\espresso\DataAdapterSample\LongListActivity.java,com.example.android.testing.espresso.DataAdapterSample.LongListActivity,onCreate/1[com.example.android.testing.espresso.DataAdapterSample.Bundle],layoutInflater,1
C:\PROJECTS\testing-samples-main\testing-samples-main\ui\espresso\DataAdapterSample\app\src\main\java\com\example\android\testing\espresso\DataAdapterSample\LongListActivity.java,com.example.android.testing.espresso.DataAdapterSample.LongListActivity,makeItem/1[int],ROW_TEXT,1
C:\PROJECTS\testing-samples-main\testing-samples-main\ui\espresso\DataAdapterSample\app\src\main\java\com\example\android\testing\espresso\DataAdapterSample\LongListActivity.java,com.example.android.testing.espresso.DataAdapterSample.LongListActivity,makeItem/1[int],ITEM_TEXT_FORMAT,1
C:\PROJECTS\testing-samples-main\testing-samples-main\ui\espresso\DataAdapterSample\app\src\main\java\com\example\android\testing\espresso\DataAdapterSample\LongListActivity.java,com.example.android.testing.espresso.DataAdapterSample.LongListActivity,makeItem/1[int],ROW_ENABLED,1
C:\PROJECTS\testing-samples-main\testing-samples-main\ui\espresso\IdlingResourceSample\app\src\main\java\com\example\android\testing\espresso\IdlingResourceSample\IdlingResource\SimpleIdlingResource.java,com.example.android.testing.espresso.IdlingResourceSample.IdlingResource.SimpleIdlingResource,isIdleNow/0,mIsIdleNow,1
C:\PROJECTS\testing-samples-main\testing-samples-main\ui\espresso\IdlingResourceSample\app\src\main\java\com\example\android\testing\espresso\IdlingResourceSample\IdlingResource\SimpleIdlingResource.java,com.example.android.testing.espresso.IdlingResourceSample.IdlingResource.SimpleIdlingResource,setIdleState/1[boolean],mIsIdleNow,1
C:\PROJECTS\testing-samples-main\testing-samples-main\ui\espresso\IdlingResourceSample\app\src\main\java\com\example\android\testing\espresso\IdlingResourceSample\IdlingResource\SimpleIdlingResource.java,com.example.android.testing.espresso.IdlingResourceSample.IdlingResource.SimpleIdlingResource,setIdleState/1[boolean],mCallback,2
C:\PROJECTS\testing-samples-main\testing-samples-main\ui\espresso\IdlingResourceSample\app\src\main\java\com\example\android\testing\espresso\IdlingResourceSample\IdlingResource\SimpleIdlingResource.java,com.example.android.testing.espresso.IdlingResourceSample.IdlingResource.SimpleIdlingResource,registerIdleTransitionCallback/1[com.example.android.testing.espresso.IdlingResourceSample.IdlingResource.ResourceCallback],mCallback,1
C:\PROJECTS\testing-samples-main\testing-samples-main\ui\espresso\MultiWindowSample\app\src\androidTest\java\com\example\android\testing\espresso\MultiWindowSample\MultiWindowTest.java,com.example.android.testing.espresso.MultiWindowSample.MultiWindowTest,autoCompleteTextView_clickAndCheck/0,mActivity,1
C:\PROJECTS\testing-samples-main\testing-samples-main\ui\espresso\MultiWindowSample\app\src\androidTest\java\com\example\android\testing\espresso\MultiWindowSample\MultiWindowTest.java,com.example.android.testing.espresso.MultiWindowSample.MultiWindowTest,autoCompleteTextView_onDataClickAndCheck/0,mActivity,1
C:\PROJECTS\testing-samples-main\testing-samples-main\ui\espresso\MultiWindowSample\app\src\androidTest\java\com\example\android\testing\espresso\MultiWindowSample\MultiWindowTest.java,com.example.android.testing.espresso.MultiWindowSample.MultiWindowTest,autoCompleteTextView_twoSuggestions/0,mActivity,2
C:\PROJECTS\testing-samples-main\testing-samples-main\ui\espresso\MultiWindowSample\app\src\androidTest\java\com\example\android\testing\espresso\MultiWindowSample\MultiWindowTest.java,com.example.android.testing.espresso.MultiWindowSample.MultiWindowTest,setActivity/0,mActivityRule,1
C:\PROJECTS\testing-samples-main\testing-samples-main\ui\espresso\MultiWindowSample\app\src\androidTest\java\com\example\android\testing\espresso\MultiWindowSample\MultiWindowTest.java,com.example.android.testing.espresso.MultiWindowSample.MultiWindowTest,setActivity/0,mActivity,1
C:\PROJECTS\testing-samples-main\testing-samples-main\ui\espresso\MultiWindowSample\app\src\androidTest\java\com\example\android\testing\espresso\MultiWindowSample\MultiWindowTest.java,com.example.android.testing.espresso.MultiWindowSample.MultiWindowTest,autoCompleteTextView_oneSuggestion/0,mActivity,2
C:\PROJECTS\testing-samples-main\testing-samples-main\ui\espresso\RecyclerViewSample\app\src\main\java\com\example\android\testing\espresso\RecyclerViewSample\MainActivity.java,com.example.android.testing.espresso.RecyclerViewSample.MainActivity,onCreate/1[com.example.android.testing.espresso.RecyclerViewSample.Bundle],DATASET_COUNT,2
C:\PROJECTS\testing-samples-main\testing-samples-main\ui\espresso\CustomMatcherSample\app\src\sharedTest\java\com\example\android\testing\espresso\CustomMatcherSample\HintMatchersTest.java,com.example.android.testing.espresso.CustomMatcherSample.HintMatchersTest,editText_canBeTypedInto/0,mValidStringToBeTyped,2
C:\PROJECTS\testing-samples-main\testing-samples-main\ui\espresso\CustomMatcherSample\app\src\sharedTest\java\com\example\android\testing\espresso\CustomMatcherSample\HintMatchersTest.java,com.example.android.testing.espresso.CustomMatcherSample.HintMatchersTest,initValidStrings/0,mStringWithValidEnding,1
C:\PROJECTS\testing-samples-main\testing-samples-main\ui\espresso\CustomMatcherSample\app\src\sharedTest\java\com\example\android\testing\espresso\CustomMatcherSample\HintMatchersTest.java,com.example.android.testing.espresso.CustomMatcherSample.HintMatchersTest,initValidStrings/0,mValidStringToBeTyped,1
C:\PROJECTS\testing-samples-main\testing-samples-main\ui\espresso\CustomMatcherSample\app\src\sharedTest\java\com\example\android\testing\espresso\CustomMatcherSample\HintMatchersTest.java,com.example.android.testing.espresso.CustomMatcherSample.HintMatchersTest,hint_endsWith/0,COFFEE_INVALID_ENDING,1
C:\PROJECTS\testing-samples-main\testing-samples-main\ui\espresso\CustomMatcherSample\app\src\sharedTest\java\com\example\android\testing\espresso\CustomMatcherSample\HintMatchersTest.java,com.example.android.testing.espresso.CustomMatcherSample.HintMatchersTest,hint_endsWith/0,COFFEE_ENDING,1
C:\PROJECTS\testing-samples-main\testing-samples-main\ui\espresso\CustomMatcherSample\app\src\sharedTest\java\com\example\android\testing\espresso\CustomMatcherSample\HintMatchersTest.java,com.example.android.testing.espresso.CustomMatcherSample.HintMatchersTest,validation_resultIsOneOfTheValidStrings/0,mValidStringToBeTyped,1
C:\PROJECTS\testing-samples-main\testing-samples-main\ui\espresso\CustomMatcherSample\app\src\sharedTest\java\com\example\android\testing\espresso\CustomMatcherSample\HintMatchersTest.java,com.example.android.testing.espresso.CustomMatcherSample.HintMatchersTest,validation_resultHasCorrectEnding/0,mStringWithValidEnding,1
C:\PROJECTS\testing-samples-main\testing-samples-main\ui\espresso\CustomMatcherSample\app\src\sharedTest\java\com\example\android\testing\espresso\CustomMatcherSample\HintMatchersTest.java,com.example.android.testing.espresso.CustomMatcherSample.HintMatchersTest,validation_resultIsIncorrect/0,INVALID_STRING_TO_BE_TYPED,1
C:\PROJECTS\testing-samples-main\testing-samples-main\unit\BasicUnitAndroidTest\app\src\main\java\com\example\android\testing\unittesting\basicunitandroidtest\MainActivity.java,com.example.android.testing.unittesting.basicunitandroidtest.MainActivity,updateHistory/1[com.example.android.testing.unittesting.basicunitandroidtest.View],mLogHistory,1
C:\PROJECTS\testing-samples-main\testing-samples-main\unit\BasicUnitAndroidTest\app\src\main\java\com\example\android\testing\unittesting\basicunitandroidtest\MainActivity.java,com.example.android.testing.unittesting.basicunitandroidtest.MainActivity,onSaveInstanceState/1[com.example.android.testing.unittesting.basicunitandroidtest.Bundle],KEY_HISTORY_DATA,1
C:\PROJECTS\testing-samples-main\testing-samples-main\unit\BasicUnitAndroidTest\app\src\main\java\com\example\android\testing\unittesting\basicunitandroidtest\MainActivity.java,com.example.android.testing.unittesting.basicunitandroidtest.MainActivity,onSaveInstanceState/1[com.example.android.testing.unittesting.basicunitandroidtest.Bundle],mLogHistory,1
C:\PROJECTS\testing-samples-main\testing-samples-main\unit\BasicUnitAndroidTest\app\src\main\java\com\example\android\testing\unittesting\basicunitandroidtest\MainActivity.java,com.example.android.testing.unittesting.basicunitandroidtest.MainActivity,onCreate/1[com.example.android.testing.unittesting.basicunitandroidtest.Bundle],KEY_HISTORY_DATA,1
C:\PROJECTS\testing-samples-main\testing-samples-main\unit\BasicUnitAndroidTest\app\src\main\java\com\example\android\testing\unittesting\basicunitandroidtest\MainActivity.java,com.example.android.testing.unittesting.basicunitandroidtest.MainActivity,onCreate/1[com.example.android.testing.unittesting.basicunitandroidtest.Bundle],mLogHistory,3
C:\PROJECTS\testing-samples-main\testing-samples-main\unit\BasicUnitAndroidTest\app\src\main\java\com\example\android\testing\unittesting\basicunitandroidtest\MainActivity.java,com.example.android.testing.unittesting.basicunitandroidtest.MainActivity,onCreate/1[com.example.android.testing.unittesting.basicunitandroidtest.Bundle],mHistoryTextView,1
C:\PROJECTS\testing-samples-main\testing-samples-main\unit\BasicUnitAndroidTest\app\src\main\java\com\example\android\testing\unittesting\basicunitandroidtest\MainActivity.java,com.example.android.testing.unittesting.basicunitandroidtest.MainActivity,onCreate/1[com.example.android.testing.unittesting.basicunitandroidtest.Bundle],mSimpleDateFormatter,1
C:\PROJECTS\testing-samples-main\testing-samples-main\unit\BasicUnitAndroidTest\app\src\main\java\com\example\android\testing\unittesting\basicunitandroidtest\MainActivity.java,com.example.android.testing.unittesting.basicunitandroidtest.MainActivity,"appendEntryToView/2[java.lang.String,long]",mHistoryTextView,3
C:\PROJECTS\testing-samples-main\testing-samples-main\unit\BasicUnitAndroidTest\app\src\main\java\com\example\android\testing\unittesting\basicunitandroidtest\MainActivity.java,com.example.android.testing.unittesting.basicunitandroidtest.MainActivity,"appendEntryToView/2[java.lang.String,long]",mSimpleDateFormatter,1
C:\PROJECTS\testing-samples-main\testing-samples-main\unit\BasicUnitAndroidTest\app\src\main\java\com\example\android\testing\unittesting\basicunitandroidtest\MainActivity.java,com.example.android.testing.unittesting.basicunitandroidtest.MainActivity,"appendEntryToView/2[java.lang.String,long]",mIsHistoryEmpty,2
C:\PROJECTS\testing-samples-main\testing-samples-main\ui\espresso\CustomMatcherSample\app\src\main\java\com\example\android\testing\espresso\CustomMatcherSample\MainActivity.java,com.example.android.testing.espresso.CustomMatcherSample.MainActivity,onCreate/1[com.example.android.testing.espresso.CustomMatcherSample.Bundle],mErrorView,1
C:\PROJECTS\testing-samples-main\testing-samples-main\ui\espresso\CustomMatcherSample\app\src\main\java\com\example\android\testing\espresso\CustomMatcherSample\MainActivity.java,com.example.android.testing.espresso.CustomMatcherSample.MainActivity,onCreate/1[com.example.android.testing.espresso.CustomMatcherSample.Bundle],mSuccessView,1
C:\PROJECTS\testing-samples-main\testing-samples-main\ui\espresso\CustomMatcherSample\app\src\main\java\com\example\android\testing\espresso\CustomMatcherSample\MainActivity.java,com.example.android.testing.espresso.CustomMatcherSample.MainActivity,onCreate/1[com.example.android.testing.espresso.CustomMatcherSample.Bundle],mInputText,1
C:\PROJECTS\testing-samples-main\testing-samples-main\ui\espresso\CustomMatcherSample\app\src\main\java\com\example\android\testing\espresso\CustomMatcherSample\MainActivity.java,com.example.android.testing.espresso.CustomMatcherSample.MainActivity,showResult/1[boolean],mErrorView,1
C:\PROJECTS\testing-samples-main\testing-samples-main\ui\espresso\CustomMatcherSample\app\src\main\java\com\example\android\testing\espresso\CustomMatcherSample\MainActivity.java,com.example.android.testing.espresso.CustomMatcherSample.MainActivity,showResult/1[boolean],mSuccessView,1
C:\PROJECTS\testing-samples-main\testing-samples-main\ui\espresso\CustomMatcherSample\app\src\main\java\com\example\android\testing\espresso\CustomMatcherSample\MainActivity.java,com.example.android.testing.espresso.CustomMatcherSample.MainActivity,validateText/1[java.lang.String],VALID_ENDING,1
C:\PROJECTS\testing-samples-main\testing-samples-main\ui\espresso\CustomMatcherSample\app\src\main\java\com\example\android\testing\espresso\CustomMatcherSample\MainActivity.java,com.example.android.testing.espresso.CustomMatcherSample.MainActivity,validateText/1[java.lang.String],COFFEE_PREPARATIONS,1
C:\PROJECTS\testing-samples-main\testing-samples-main\ui\espresso\CustomMatcherSample\app\src\main\java\com\example\android\testing\espresso\CustomMatcherSample\MainActivity.java,com.example.android.testing.espresso.CustomMatcherSample.MainActivity,onClick/1[com.example.android.testing.espresso.CustomMatcherSample.View],mInputText,1
C:\PROJECTS\testing-samples-main\testing-samples-main\runner\AndroidTestOrchestratorSample\app\src\main\java\com\example\android\testing\androidtestorchestratorsample\CalculatorActivity.java,com.example.android.testing.androidtestorchestratorsample.CalculatorActivity,compute/1[com.example.android.testing.androidtestorchestratorsample.Calculator.Operator],mOperandOneEditText,1
C:\PROJECTS\testing-samples-main\testing-samples-main\runner\AndroidTestOrchestratorSample\app\src\main\java\com\example\android\testing\androidtestorchestratorsample\CalculatorActivity.java,com.example.android.testing.androidtestorchestratorsample.CalculatorActivity,compute/1[com.example.android.testing.androidtestorchestratorsample.Calculator.Operator],mOperandTwoEditText,1
C:\PROJECTS\testing-samples-main\testing-samples-main\runner\AndroidTestOrchestratorSample\app\src\main\java\com\example\android\testing\androidtestorchestratorsample\CalculatorActivity.java,com.example.android.testing.androidtestorchestratorsample.CalculatorActivity,compute/1[com.example.android.testing.androidtestorchestratorsample.Calculator.Operator],mCalculator,4
C:\PROJECTS\testing-samples-main\testing-samples-main\runner\AndroidTestOrchestratorSample\app\src\main\java\com\example\android\testing\androidtestorchestratorsample\CalculatorActivity.java,com.example.android.testing.androidtestorchestratorsample.CalculatorActivity,compute/1[com.example.android.testing.androidtestorchestratorsample.Calculator.Operator],TAG,1
C:\PROJECTS\testing-samples-main\testing-samples-main\runner\AndroidTestOrchestratorSample\app\src\main\java\com\example\android\testing\androidtestorchestratorsample\CalculatorActivity.java,com.example.android.testing.androidtestorchestratorsample.CalculatorActivity,compute/1[com.example.android.testing.androidtestorchestratorsample.Calculator.Operator],mResultTextView,2
C:\PROJECTS\testing-samples-main\testing-samples-main\runner\AndroidTestOrchestratorSample\app\src\main\java\com\example\android\testing\androidtestorchestratorsample\CalculatorActivity.java,com.example.android.testing.androidtestorchestratorsample.CalculatorActivity,onCreate/1[com.example.android.testing.androidtestorchestratorsample.Bundle],mOperandOneEditText,1
C:\PROJECTS\testing-samples-main\testing-samples-main\runner\AndroidTestOrchestratorSample\app\src\main\java\com\example\android\testing\androidtestorchestratorsample\CalculatorActivity.java,com.example.android.testing.androidtestorchestratorsample.CalculatorActivity,onCreate/1[com.example.android.testing.androidtestorchestratorsample.Bundle],mOperandTwoEditText,1
C:\PROJECTS\testing-samples-main\testing-samples-main\runner\AndroidTestOrchestratorSample\app\src\main\java\com\example\android\testing\androidtestorchestratorsample\CalculatorActivity.java,com.example.android.testing.androidtestorchestratorsample.CalculatorActivity,onCreate/1[com.example.android.testing.androidtestorchestratorsample.Bundle],mCalculator,1
C:\PROJECTS\testing-samples-main\testing-samples-main\runner\AndroidTestOrchestratorSample\app\src\main\java\com\example\android\testing\androidtestorchestratorsample\CalculatorActivity.java,com.example.android.testing.androidtestorchestratorsample.CalculatorActivity,onCreate/1[com.example.android.testing.androidtestorchestratorsample.Bundle],mResultTextView,1
C:\PROJECTS\testing-samples-main\testing-samples-main\runner\AndroidTestOrchestratorSample\app\src\main\java\com\example\android\testing\androidtestorchestratorsample\CalculatorActivity.java,com.example.android.testing.androidtestorchestratorsample.CalculatorActivity,onDiv/1[com.example.android.testing.androidtestorchestratorsample.View],TAG,1
C:\PROJECTS\testing-samples-main\testing-samples-main\runner\AndroidTestOrchestratorSample\app\src\main\java\com\example\android\testing\androidtestorchestratorsample\CalculatorActivity.java,com.example.android.testing.androidtestorchestratorsample.CalculatorActivity,onDiv/1[com.example.android.testing.androidtestorchestratorsample.View],mResultTextView,1
C:\PROJECTS\testing-samples-main\testing-samples-main\ui\uiautomator\BasicSample\app\src\main\java\com\example\android\testing\uiautomator\BasicSample\ShowTextActivity.java,com.example.android.testing.uiautomator.BasicSample.ShowTextActivity,onCreate/1[com.example.android.testing.uiautomator.BasicSample.Bundle],KEY_EXTRA_MESSAGE,1
C:\PROJECTS\testing-samples-main\testing-samples-main\ui\uiautomator\BasicSample\app\src\main\java\com\example\android\testing\uiautomator\BasicSample\ShowTextActivity.java,com.example.android.testing.uiautomator.BasicSample.ShowTextActivity,"newStartIntent/2[com.example.android.testing.uiautomator.BasicSample.Context,java.lang.String]",KEY_EXTRA_MESSAGE,1
C:\PROJECTS\testing-samples-main\testing-samples-main\runner\AndroidJunitRunnerSample\app\src\androidTest\java\com\example\android\testing\androidjunitrunnersample\OperationHintInstrumentationTest.java,com.example.android.testing.androidjunitrunnersample.OperationHintInstrumentationTest,testPreconditions/0,mActivity,1
C:\PROJECTS\testing-samples-main\testing-samples-main\runner\AndroidJunitRunnerSample\app\src\androidTest\java\com\example\android\testing\androidjunitrunnersample\OperationHintInstrumentationTest.java,com.example.android.testing.androidjunitrunnersample.OperationHintInstrumentationTest,setUp/0,mActivity,1
C:\PROJECTS\testing-samples-main\testing-samples-main\runner\AndroidJunitRunnerSample\app\src\androidTest\java\com\example\android\testing\androidjunitrunnersample\OperationHintInstrumentationTest.java,com.example.android.testing.androidjunitrunnersample.OperationHintInstrumentationTest,testEditText_OperandTwoHint/0,mActivity,1
C:\PROJECTS\testing-samples-main\testing-samples-main\runner\AndroidJunitRunnerSample\app\src\androidTest\java\com\example\android\testing\androidjunitrunnersample\OperationHintInstrumentationTest.java,com.example.android.testing.androidjunitrunnersample.OperationHintInstrumentationTest,testEditText_OperandOneHint/0,mActivity,1
C:\PROJECTS\testing-samples-main\testing-samples-main\ui\espresso\MultiProcessSample\app\src\main\java\com\example\android\testing\espresso\multiprocesssample\PrivateProcessActivity.java,com.example.android.testing.espresso.multiprocesssample.PrivateProcessActivity,"onItemClick/4[com.example.android.testing.espresso.multiprocesssample.AdapterView<?>,com.example.android.testing.espresso.multiprocesssample.View,int,long]",selectedListItemTextView,1
C:\PROJECTS\testing-samples-main\testing-samples-main\ui\espresso\MultiProcessSample\app\src\main\java\com\example\android\testing\espresso\multiprocesssample\PrivateProcessActivity.java,com.example.android.testing.espresso.multiprocesssample.PrivateProcessActivity,onCreate/1[com.example.android.testing.espresso.multiprocesssample.Bundle],selectedListItemTextView,1
C:\PROJECTS\testing-samples-main\testing-samples-main\ui\espresso\MultiProcessSample\app\src\main\java\com\example\android\testing\espresso\multiprocesssample\PrivateProcessActivity.java,com.example.android.testing.espresso.multiprocesssample.PrivateProcessActivity,onCreate/1[com.example.android.testing.espresso.multiprocesssample.Bundle],privateProcessNameTextView,2
C:\PROJECTS\testing-samples-main\testing-samples-main\integration\ServiceTestRuleSample\app\src\main\java\com\example\android\testing\ServiceTestRuleSample\LocalService.java,com.example.android.testing.ServiceTestRuleSample.LocalService,getRandomInt/0,mGenerator,1
C:\PROJECTS\testing-samples-main\testing-samples-main\integration\ServiceTestRuleSample\app\src\main\java\com\example\android\testing\ServiceTestRuleSample\LocalService.java,com.example.android.testing.ServiceTestRuleSample.LocalService,onBind/1[com.example.android.testing.ServiceTestRuleSample.Intent],mBinder,1
C:\PROJECTS\testing-samples-main\testing-samples-main\integration\ServiceTestRuleSample\app\src\main\java\com\example\android\testing\ServiceTestRuleSample\LocalService.java,com.example.android.testing.ServiceTestRuleSample.LocalService,onBind/1[com.example.android.testing.ServiceTestRuleSample.Intent],mGenerator,1
C:\PROJECTS\testing-samples-main\testing-samples-main\integration\ServiceTestRuleSample\app\src\main\java\com\example\android\testing\ServiceTestRuleSample\LocalService.java,com.example.android.testing.ServiceTestRuleSample.LocalService,onBind/1[com.example.android.testing.ServiceTestRuleSample.Intent],SEED_KEY,2
C:\PROJECTS\testing-samples-main\testing-samples-main\integration\ServiceTestRuleSample\app\src\main\java\com\example\android\testing\ServiceTestRuleSample\LocalService.java,com.example.android.testing.ServiceTestRuleSample.LocalService,onBind/1[com.example.android.testing.ServiceTestRuleSample.Intent],mSeed,2
C:\PROJECTS\testing-samples-main\testing-samples-main\unit\BasicSample\app\src\main\java\com\example\android\testing\unittesting\BasicSample\MainActivity.java,com.example.android.testing.unittesting.BasicSample.MainActivity,populateUi/0,mSharedPreferencesHelper,1
C:\PROJECTS\testing-samples-main\testing-samples-main\unit\BasicSample\app\src\main\java\com\example\android\testing\unittesting\BasicSample\MainActivity.java,com.example.android.testing.unittesting.BasicSample.MainActivity,populateUi/0,mEmailText,1
C:\PROJECTS\testing-samples-main\testing-samples-main\unit\BasicSample\app\src\main\java\com\example\android\testing\unittesting\BasicSample\MainActivity.java,com.example.android.testing.unittesting.BasicSample.MainActivity,populateUi/0,mNameText,1
C:\PROJECTS\testing-samples-main\testing-samples-main\unit\BasicSample\app\src\main\java\com\example\android\testing\unittesting\BasicSample\MainActivity.java,com.example.android.testing.unittesting.BasicSample.MainActivity,populateUi/0,mDobPicker,1
C:\PROJECTS\testing-samples-main\testing-samples-main\unit\BasicSample\app\src\main\java\com\example\android\testing\unittesting\BasicSample\MainActivity.java,com.example.android.testing.unittesting.BasicSample.MainActivity,onCreate/1[com.example.android.testing.unittesting.BasicSample.Bundle],mEmailValidator,2
C:\PROJECTS\testing-samples-main\testing-samples-main\unit\BasicSample\app\src\main\java\com\example\android\testing\unittesting\BasicSample\MainActivity.java,com.example.android.testing.unittesting.BasicSample.MainActivity,onCreate/1[com.example.android.testing.unittesting.BasicSample.Bundle],mSharedPreferencesHelper,1
C:\PROJECTS\testing-samples-main\testing-samples-main\unit\BasicSample\app\src\main\java\com\example\android\testing\unittesting\BasicSample\MainActivity.java,com.example.android.testing.unittesting.BasicSample.MainActivity,onCreate/1[com.example.android.testing.unittesting.BasicSample.Bundle],mEmailText,2
C:\PROJECTS\testing-samples-main\testing-samples-main\unit\BasicSample\app\src\main\java\com\example\android\testing\unittesting\BasicSample\MainActivity.java,com.example.android.testing.unittesting.BasicSample.MainActivity,onCreate/1[com.example.android.testing.unittesting.BasicSample.Bundle],mNameText,1
C:\PROJECTS\testing-samples-main\testing-samples-main\unit\BasicSample\app\src\main\java\com\example\android\testing\unittesting\BasicSample\MainActivity.java,com.example.android.testing.unittesting.BasicSample.MainActivity,onCreate/1[com.example.android.testing.unittesting.BasicSample.Bundle],mDobPicker,1
C:\PROJECTS\testing-samples-main\testing-samples-main\unit\BasicSample\app\src\main\java\com\example\android\testing\unittesting\BasicSample\MainActivity.java,com.example.android.testing.unittesting.BasicSample.MainActivity,onSaveClick/1[com.example.android.testing.unittesting.BasicSample.View],mEmailValidator,1
C:\PROJECTS\testing-samples-main\testing-samples-main\unit\BasicSample\app\src\main\java\com\example\android\testing\unittesting\BasicSample\MainActivity.java,com.example.android.testing.unittesting.BasicSample.MainActivity,onSaveClick/1[com.example.android.testing.unittesting.BasicSample.View],mSharedPreferencesHelper,1
C:\PROJECTS\testing-samples-main\testing-samples-main\unit\BasicSample\app\src\main\java\com\example\android\testing\unittesting\BasicSample\MainActivity.java,com.example.android.testing.unittesting.BasicSample.MainActivity,onSaveClick/1[com.example.android.testing.unittesting.BasicSample.View],mEmailText,2
C:\PROJECTS\testing-samples-main\testing-samples-main\unit\BasicSample\app\src\main\java\com\example\android\testing\unittesting\BasicSample\MainActivity.java,com.example.android.testing.unittesting.BasicSample.MainActivity,onSaveClick/1[com.example.android.testing.unittesting.BasicSample.View],mNameText,1
C:\PROJECTS\testing-samples-main\testing-samples-main\unit\BasicSample\app\src\main\java\com\example\android\testing\unittesting\BasicSample\MainActivity.java,com.example.android.testing.unittesting.BasicSample.MainActivity,onSaveClick/1[com.example.android.testing.unittesting.BasicSample.View],mDobPicker,3
C:\PROJECTS\testing-samples-main\testing-samples-main\unit\BasicSample\app\src\main\java\com\example\android\testing\unittesting\BasicSample\MainActivity.java,com.example.android.testing.unittesting.BasicSample.MainActivity,onSaveClick/1[com.example.android.testing.unittesting.BasicSample.View],TAG,3
C:\PROJECTS\testing-samples-main\testing-samples-main\unit\BasicSample\app\src\main\java\com\example\android\testing\unittesting\BasicSample\MainActivity.java,com.example.android.testing.unittesting.BasicSample.MainActivity,onRevertClick/1[com.example.android.testing.unittesting.BasicSample.View],TAG,1
C:\PROJECTS\testing-samples-main\testing-samples-main\ui\espresso\BasicSample\app\src\main\java\com\example\android\testing\espresso\BasicSample\ShowTextActivity.java,com.example.android.testing.espresso.BasicSample.ShowTextActivity,"newStartIntent/2[com.example.android.testing.espresso.BasicSample.Context,java.lang.String]",KEY_EXTRA_MESSAGE,1
C:\PROJECTS\testing-samples-main\testing-samples-main\ui\espresso\BasicSample\app\src\main\java\com\example\android\testing\espresso\BasicSample\ShowTextActivity.java,com.example.android.testing.espresso.BasicSample.ShowTextActivity,onCreate/1[com.example.android.testing.espresso.BasicSample.Bundle],KEY_EXTRA_MESSAGE,1
C:\PROJECTS\testing-samples-main\testing-samples-main\runner\AndroidJunitRunnerSample\app\src\main\java\com\example\android\testing\androidjunitrunnersample\CalculatorActivity.java,com.example.android.testing.androidjunitrunnersample.CalculatorActivity,compute/1[com.example.android.testing.androidjunitrunnersample.Calculator.Operator],mOperandOneEditText,1
C:\PROJECTS\testing-samples-main\testing-samples-main\runner\AndroidJunitRunnerSample\app\src\main\java\com\example\android\testing\androidjunitrunnersample\CalculatorActivity.java,com.example.android.testing.androidjunitrunnersample.CalculatorActivity,compute/1[com.example.android.testing.androidjunitrunnersample.Calculator.Operator],mOperandTwoEditText,1
C:\PROJECTS\testing-samples-main\testing-samples-main\runner\AndroidJunitRunnerSample\app\src\main\java\com\example\android\testing\androidjunitrunnersample\CalculatorActivity.java,com.example.android.testing.androidjunitrunnersample.CalculatorActivity,compute/1[com.example.android.testing.androidjunitrunnersample.Calculator.Operator],mCalculator,4
C:\PROJECTS\testing-samples-main\testing-samples-main\runner\AndroidJunitRunnerSample\app\src\main\java\com\example\android\testing\androidjunitrunnersample\CalculatorActivity.java,com.example.android.testing.androidjunitrunnersample.CalculatorActivity,compute/1[com.example.android.testing.androidjunitrunnersample.Calculator.Operator],TAG,1
C:\PROJECTS\testing-samples-main\testing-samples-main\runner\AndroidJunitRunnerSample\app\src\main\java\com\example\android\testing\androidjunitrunnersample\CalculatorActivity.java,com.example.android.testing.androidjunitrunnersample.CalculatorActivity,compute/1[com.example.android.testing.androidjunitrunnersample.Calculator.Operator],mResultTextView,2
C:\PROJECTS\testing-samples-main\testing-samples-main\runner\AndroidJunitRunnerSample\app\src\main\java\com\example\android\testing\androidjunitrunnersample\CalculatorActivity.java,com.example.android.testing.androidjunitrunnersample.CalculatorActivity,onDiv/1[com.example.android.testing.androidjunitrunnersample.View],TAG,1
C:\PROJECTS\testing-samples-main\testing-samples-main\runner\AndroidJunitRunnerSample\app\src\main\java\com\example\android\testing\androidjunitrunnersample\CalculatorActivity.java,com.example.android.testing.androidjunitrunnersample.CalculatorActivity,onDiv/1[com.example.android.testing.androidjunitrunnersample.View],mResultTextView,1
C:\PROJECTS\testing-samples-main\testing-samples-main\runner\AndroidJunitRunnerSample\app\src\main\java\com\example\android\testing\androidjunitrunnersample\CalculatorActivity.java,com.example.android.testing.androidjunitrunnersample.CalculatorActivity,onCreate/1[com.example.android.testing.androidjunitrunnersample.Bundle],mOperandOneEditText,1
C:\PROJECTS\testing-samples-main\testing-samples-main\runner\AndroidJunitRunnerSample\app\src\main\java\com\example\android\testing\androidjunitrunnersample\CalculatorActivity.java,com.example.android.testing.androidjunitrunnersample.CalculatorActivity,onCreate/1[com.example.android.testing.androidjunitrunnersample.Bundle],mOperandTwoEditText,1
C:\PROJECTS\testing-samples-main\testing-samples-main\runner\AndroidJunitRunnerSample\app\src\main\java\com\example\android\testing\androidjunitrunnersample\CalculatorActivity.java,com.example.android.testing.androidjunitrunnersample.CalculatorActivity,onCreate/1[com.example.android.testing.androidjunitrunnersample.Bundle],mCalculator,1
C:\PROJECTS\testing-samples-main\testing-samples-main\runner\AndroidJunitRunnerSample\app\src\main\java\com\example\android\testing\androidjunitrunnersample\CalculatorActivity.java,com.example.android.testing.androidjunitrunnersample.CalculatorActivity,onCreate/1[com.example.android.testing.androidjunitrunnersample.Bundle],mResultTextView,1
C:\PROJECTS\testing-samples-main\testing-samples-main\ui\espresso\MultiProcessSample\app\src\androidTest\java\com\example\android\testing\espresso\multiprocesssample\ExampleInstrumentedTest.java,com.example.android.testing.espresso.multiprocesssample.ExampleInstrumentedTest,verifyAssertingOnViewInRemoteProcessIsSuccessful/0,DEFAULT_PROC_NAME,2
C:\PROJECTS\testing-samples-main\testing-samples-main\ui\espresso\MultiProcessSample\app\src\androidTest\java\com\example\android\testing\espresso\multiprocesssample\ExampleInstrumentedTest.java,com.example.android.testing.espresso.multiprocesssample.ExampleInstrumentedTest,verifyAssertingOnViewInRemoteProcessIsSuccessful/0,TAG,5
C:\PROJECTS\testing-samples-main\testing-samples-main\ui\espresso\IdlingResourceSample\app\src\main\java\com\example\android\testing\espresso\IdlingResourceSample\MessageDelayer.java,com.example.android.testing.espresso.IdlingResourceSample.MessageDelayer,"processMessage/3[java.lang.String,com.example.android.testing.espresso.IdlingResourceSample.MessageDelayer.DelayerCallback,com.example.android.testing.espresso.IdlingResourceSample.IdlingResource.SimpleIdlingResource]",DELAY_MILLIS,2
C:\PROJECTS\testing-samples-main\testing-samples-main\ui\espresso\IntentsBasicSample\app\src\main\java\com\example\android\testing\espresso\IntentsBasicSample\DialerActivity.java,com.example.android.testing.espresso.IntentsBasicSample.DialerActivity,"onActivityResult/3[int,int,com.example.android.testing.espresso.IntentsBasicSample.Intent]",mCallerNumber,1
C:\PROJECTS\testing-samples-main\testing-samples-main\ui\espresso\IntentsBasicSample\app\src\main\java\com\example\android\testing\espresso\IntentsBasicSample\DialerActivity.java,com.example.android.testing.espresso.IntentsBasicSample.DialerActivity,"onActivityResult/3[int,int,com.example.android.testing.espresso.IntentsBasicSample.Intent]",REQUEST_CODE_PICK,1
C:\PROJECTS\testing-samples-main\testing-samples-main\ui\espresso\IntentsBasicSample\app\src\main\java\com\example\android\testing\espresso\IntentsBasicSample\DialerActivity.java,com.example.android.testing.espresso.IntentsBasicSample.DialerActivity,createCallIntentFromNumber/0,mCallerNumber,1
C:\PROJECTS\testing-samples-main\testing-samples-main\ui\espresso\IntentsBasicSample\app\src\main\java\com\example\android\testing\espresso\IntentsBasicSample\DialerActivity.java,com.example.android.testing.espresso.IntentsBasicSample.DialerActivity,onPickContact/1[com.example.android.testing.espresso.IntentsBasicSample.View],REQUEST_CODE_PICK,1
C:\PROJECTS\testing-samples-main\testing-samples-main\ui\espresso\IntentsBasicSample\app\src\main\java\com\example\android\testing\espresso\IntentsBasicSample\DialerActivity.java,com.example.android.testing.espresso.IntentsBasicSample.DialerActivity,onCreate/1[com.example.android.testing.espresso.IntentsBasicSample.Bundle],mCallerNumber,1
C:\PROJECTS\testing-samples-main\testing-samples-main\ui\espresso\RecyclerViewSample\app\src\main\java\com\example\android\testing\espresso\RecyclerViewSample\CustomAdapter.java,com.example.android.testing.espresso.RecyclerViewSample.CustomAdapter$ViewHolder,setIsInTheMiddle/1[boolean],mIsInTheMiddle,1
C:\PROJECTS\testing-samples-main\testing-samples-main\ui\espresso\RecyclerViewSample\app\src\main\java\com\example\android\testing\espresso\RecyclerViewSample\CustomAdapter.java,com.example.android.testing.espresso.RecyclerViewSample.CustomAdapter$ViewHolder,getTextView/0,textView,1
C:\PROJECTS\testing-samples-main\testing-samples-main\ui\espresso\RecyclerViewSample\app\src\main\java\com\example\android\testing\espresso\RecyclerViewSample\CustomAdapter.java,com.example.android.testing.espresso.RecyclerViewSample.CustomAdapter$ViewHolder,ViewHolder/1[com.example.android.testing.espresso.RecyclerViewSample.View],textView,2
C:\PROJECTS\testing-samples-main\testing-samples-main\ui\espresso\RecyclerViewSample\app\src\main\java\com\example\android\testing\espresso\RecyclerViewSample\CustomAdapter.java,com.example.android.testing.espresso.RecyclerViewSample.CustomAdapter$ViewHolder,getIsInTheMiddle/0,mIsInTheMiddle,1
C:\PROJECTS\testing-samples-main\testing-samples-main\ui\espresso\IdlingResourceSample\app\src\main\java\com\example\android\testing\espresso\IdlingResourceSample\MainActivity.java,com.example.android.testing.espresso.IdlingResourceSample.MainActivity,onClick/1[com.example.android.testing.espresso.IdlingResourceSample.View],mTextView,1
C:\PROJECTS\testing-samples-main\testing-samples-main\ui\espresso\IdlingResourceSample\app\src\main\java\com\example\android\testing\espresso\IdlingResourceSample\MainActivity.java,com.example.android.testing.espresso.IdlingResourceSample.MainActivity,onClick/1[com.example.android.testing.espresso.IdlingResourceSample.View],mIdlingResource,1
C:\PROJECTS\testing-samples-main\testing-samples-main\ui\espresso\IdlingResourceSample\app\src\main\java\com\example\android\testing\espresso\IdlingResourceSample\MainActivity.java,com.example.android.testing.espresso.IdlingResourceSample.MainActivity,onClick/1[com.example.android.testing.espresso.IdlingResourceSample.View],mEditText,1
C:\PROJECTS\testing-samples-main\testing-samples-main\ui\espresso\IdlingResourceSample\app\src\main\java\com\example\android\testing\espresso\IdlingResourceSample\MainActivity.java,com.example.android.testing.espresso.IdlingResourceSample.MainActivity,getIdlingResource/0,mIdlingResource,3
C:\PROJECTS\testing-samples-main\testing-samples-main\ui\espresso\IdlingResourceSample\app\src\main\java\com\example\android\testing\espresso\IdlingResourceSample\MainActivity.java,com.example.android.testing.espresso.IdlingResourceSample.MainActivity,onDone/1[java.lang.String],mTextView,1
C:\PROJECTS\testing-samples-main\testing-samples-main\ui\espresso\IdlingResourceSample\app\src\main\java\com\example\android\testing\espresso\IdlingResourceSample\MainActivity.java,com.example.android.testing.espresso.IdlingResourceSample.MainActivity,onCreate/1[com.example.android.testing.espresso.IdlingResourceSample.Bundle],mTextView,1
C:\PROJECTS\testing-samples-main\testing-samples-main\ui\espresso\IdlingResourceSample\app\src\main\java\com\example\android\testing\espresso\IdlingResourceSample\MainActivity.java,com.example.android.testing.espresso.IdlingResourceSample.MainActivity,onCreate/1[com.example.android.testing.espresso.IdlingResourceSample.Bundle],mEditText,1
C:\PROJECTS\testing-samples-main\testing-samples-main\ui\uiautomator\BasicSample\app\src\main\java\com\example\android\testing\uiautomator\BasicSample\MainActivity.java,com.example.android.testing.uiautomator.BasicSample.MainActivity,onCreate/1[com.example.android.testing.uiautomator.BasicSample.Bundle],mTextView,1
C:\PROJECTS\testing-samples-main\testing-samples-main\ui\uiautomator\BasicSample\app\src\main\java\com\example\android\testing\uiautomator\BasicSample\MainActivity.java,com.example.android.testing.uiautomator.BasicSample.MainActivity,onCreate/1[com.example.android.testing.uiautomator.BasicSample.Bundle],mEditText,1
C:\PROJECTS\testing-samples-main\testing-samples-main\ui\uiautomator\BasicSample\app\src\main\java\com\example\android\testing\uiautomator\BasicSample\MainActivity.java,com.example.android.testing.uiautomator.BasicSample.MainActivity,onClick/1[com.example.android.testing.uiautomator.BasicSample.View],mTextView,1
C:\PROJECTS\testing-samples-main\testing-samples-main\ui\uiautomator\BasicSample\app\src\main\java\com\example\android\testing\uiautomator\BasicSample\MainActivity.java,com.example.android.testing.uiautomator.BasicSample.MainActivity,onClick/1[com.example.android.testing.uiautomator.BasicSample.View],mEditText,1
C:\PROJECTS\testing-samples-main\testing-samples-main\ui\espresso\BasicSample\app\src\main\java\com\example\android\testing\espresso\BasicSample\MainActivity.java,com.example.android.testing.espresso.BasicSample.MainActivity,onClick/1[com.example.android.testing.espresso.BasicSample.View],mTextView,1
C:\PROJECTS\testing-samples-main\testing-samples-main\ui\espresso\BasicSample\app\src\main\java\com\example\android\testing\espresso\BasicSample\MainActivity.java,com.example.android.testing.espresso.BasicSample.MainActivity,onClick/1[com.example.android.testing.espresso.BasicSample.View],mEditText,1
C:\PROJECTS\testing-samples-main\testing-samples-main\ui\espresso\BasicSample\app\src\main\java\com\example\android\testing\espresso\BasicSample\MainActivity.java,com.example.android.testing.espresso.BasicSample.MainActivity,onCreate/1[com.example.android.testing.espresso.BasicSample.Bundle],mTextView,1
C:\PROJECTS\testing-samples-main\testing-samples-main\ui\espresso\BasicSample\app\src\main\java\com\example\android\testing\espresso\BasicSample\MainActivity.java,com.example.android.testing.espresso.BasicSample.MainActivity,onCreate/1[com.example.android.testing.espresso.BasicSample.Bundle],mEditText,1
C:\PROJECTS\testing-samples-main\testing-samples-main\ui\espresso\IntentsBasicSample\app\src\main\java\com\example\android\testing\espresso\IntentsBasicSample\ContactsActivity.java,com.example.android.testing.espresso.IntentsBasicSample.ContactsActivity,createResultData/1[java.lang.String],KEY_PHONE_NUMBER,1
C:\PROJECTS\testing-samples-main\testing-samples-main\unit\BasicSample\app\src\main\java\com\example\android\testing\unittesting\BasicSample\SharedPreferencesHelper.java,com.example.android.testing.unittesting.BasicSample.SharedPreferencesHelper,SharedPreferencesHelper/1[com.example.android.testing.unittesting.BasicSample.SharedPreferences],mSharedPreferences,1
C:\PROJECTS\testing-samples-main\testing-samples-main\unit\BasicSample\app\src\main\java\com\example\android\testing\unittesting\BasicSample\SharedPreferencesHelper.java,com.example.android.testing.unittesting.BasicSample.SharedPreferencesHelper,savePersonalInfo/1[com.example.android.testing.unittesting.BasicSample.SharedPreferenceEntry],mSharedPreferences,1
C:\PROJECTS\testing-samples-main\testing-samples-main\unit\BasicSample\app\src\main\java\com\example\android\testing\unittesting\BasicSample\SharedPreferencesHelper.java,com.example.android.testing.unittesting.BasicSample.SharedPreferencesHelper,savePersonalInfo/1[com.example.android.testing.unittesting.BasicSample.SharedPreferenceEntry],KEY_DOB,1
C:\PROJECTS\testing-samples-main\testing-samples-main\unit\BasicSample\app\src\main\java\com\example\android\testing\unittesting\BasicSample\SharedPreferencesHelper.java,com.example.android.testing.unittesting.BasicSample.SharedPreferencesHelper,savePersonalInfo/1[com.example.android.testing.unittesting.BasicSample.SharedPreferenceEntry],KEY_EMAIL,1
C:\PROJECTS\testing-samples-main\testing-samples-main\unit\BasicSample\app\src\main\java\com\example\android\testing\unittesting\BasicSample\SharedPreferencesHelper.java,com.example.android.testing.unittesting.BasicSample.SharedPreferencesHelper,savePersonalInfo/1[com.example.android.testing.unittesting.BasicSample.SharedPreferenceEntry],KEY_NAME,1
C:\PROJECTS\testing-samples-main\testing-samples-main\unit\BasicSample\app\src\main\java\com\example\android\testing\unittesting\BasicSample\SharedPreferencesHelper.java,com.example.android.testing.unittesting.BasicSample.SharedPreferencesHelper,getPersonalInfo/0,mSharedPreferences,3
C:\PROJECTS\testing-samples-main\testing-samples-main\unit\BasicSample\app\src\main\java\com\example\android\testing\unittesting\BasicSample\SharedPreferencesHelper.java,com.example.android.testing.unittesting.BasicSample.SharedPreferencesHelper,getPersonalInfo/0,KEY_DOB,1
C:\PROJECTS\testing-samples-main\testing-samples-main\unit\BasicSample\app\src\main\java\com\example\android\testing\unittesting\BasicSample\SharedPreferencesHelper.java,com.example.android.testing.unittesting.BasicSample.SharedPreferencesHelper,getPersonalInfo/0,KEY_EMAIL,1
C:\PROJECTS\testing-samples-main\testing-samples-main\unit\BasicSample\app\src\main\java\com\example\android\testing\unittesting\BasicSample\SharedPreferencesHelper.java,com.example.android.testing.unittesting.BasicSample.SharedPreferencesHelper,getPersonalInfo/0,KEY_NAME,1
C:\PROJECTS\testing-samples-main\testing-samples-main\unit\BasicSample\app\src\main\java\com\example\android\testing\unittesting\BasicSample\SharedPreferenceEntry.java,com.example.android.testing.unittesting.BasicSample.SharedPreferenceEntry,getName/0,mName,1
C:\PROJECTS\testing-samples-main\testing-samples-main\unit\BasicSample\app\src\main\java\com\example\android\testing\unittesting\BasicSample\SharedPreferenceEntry.java,com.example.android.testing.unittesting.BasicSample.SharedPreferenceEntry,getDateOfBirth/0,mDateOfBirth,1
C:\PROJECTS\testing-samples-main\testing-samples-main\unit\BasicSample\app\src\main\java\com\example\android\testing\unittesting\BasicSample\SharedPreferenceEntry.java,com.example.android.testing.unittesting.BasicSample.SharedPreferenceEntry,getEmail/0,mEmail,1
C:\PROJECTS\testing-samples-main\testing-samples-main\unit\BasicSample\app\src\main\java\com\example\android\testing\unittesting\BasicSample\SharedPreferenceEntry.java,com.example.android.testing.unittesting.BasicSample.SharedPreferenceEntry,"SharedPreferenceEntry/3[java.lang.String,java.util.Calendar,java.lang.String]",mDateOfBirth,1
C:\PROJECTS\testing-samples-main\testing-samples-main\unit\BasicSample\app\src\main\java\com\example\android\testing\unittesting\BasicSample\SharedPreferenceEntry.java,com.example.android.testing.unittesting.BasicSample.SharedPreferenceEntry,"SharedPreferenceEntry/3[java.lang.String,java.util.Calendar,java.lang.String]",mEmail,1
C:\PROJECTS\testing-samples-main\testing-samples-main\unit\BasicSample\app\src\main\java\com\example\android\testing\unittesting\BasicSample\SharedPreferenceEntry.java,com.example.android.testing.unittesting.BasicSample.SharedPreferenceEntry,"SharedPreferenceEntry/3[java.lang.String,java.util.Calendar,java.lang.String]",mName,1
C:\PROJECTS\testing-samples-main\testing-samples-main\ui\espresso\ScreenshotSample\app\src\androidTest\java\com\example\android\testing\espresso\screenshotsample\ScreenshotJavaTest.java,com.example.android.testing.espresso.screenshotsample.ScreenshotJavaTest,saveDeviceScreenBitmap/0,nameRule,1
C:\PROJECTS\testing-samples-main\testing-samples-main\ui\espresso\ScreenshotSample\app\src\androidTest\java\com\example\android\testing\espresso\screenshotsample\ScreenshotJavaTest.java,com.example.android.testing.espresso.screenshotsample.ScreenshotJavaTest,saveActivityBitmap/0,nameRule,1
C:\PROJECTS\testing-samples-main\testing-samples-main\ui\espresso\ScreenshotSample\app\src\androidTest\java\com\example\android\testing\espresso\screenshotsample\ScreenshotJavaTest.java,com.example.android.testing.espresso.screenshotsample.ScreenshotJavaTest,saveViewBitmap/0,nameRule,1
