file,class,type,cbo,cboModified,fanin,fanout,wmc,dit,noc,rfc,lcom,lcom*,tcc,lcc,totalMethodsQty,staticMethodsQty,publicMethodsQty,privateMethodsQty,protectedMethodsQty,defaultMethodsQty,visibleMethodsQty,abstractMethodsQty,finalMethodsQty,synchronizedMethodsQty,totalFieldsQty,staticFieldsQty,publicFieldsQty,privateFieldsQty,protectedFieldsQty,defaultFieldsQty,finalFieldsQty,synchronizedFieldsQty,nosi,loc,returnQty,loopQty,comparisonsQty,tryCatchQty,parenthesizedExpsQty,stringLiteralsQty,numbersQty,assignmentsQty,mathOperationsQty,variablesQty,maxNestedBlocksQty,anonymousClassesQty,innerClassesQty,lambdasQty,uniqueWordsQty,modifiers,logStatementsQty
C:\PROJECTS\quickstart-android\perf\app\src\main\java\com\google\firebase\quickstart\perfmon\java\MainActivity.java,com.google.firebase.quickstart.perfmon.java.MainActivity$Anonymous3$Anonymous4,anonymous,0,0,0,0,1,1,0,2,0,0.0,NaN,NaN,1,0,1,0,0,0,1,0,0,0,0,0,0,0,0,0,0,0,0,5,0,0,0,0,0,1,0,0,0,0,0,0,0,0,1,-1,0
C:\PROJECTS\quickstart-android\storage\app\src\main\java\com\google\firebase\quickstart\firebasestorage\java\MyUploadService.java,com.google.firebase.quickstart.firebasestorage.java.MyUploadService,class,14,19,5,14,13,3,0,29,9,0.7142858,0.0,0.0,7,1,4,3,0,0,4,0,0,0,7,6,5,2,0,0,6,0,0,84,4,0,2,0,0,11,2,16,3,16,2,4,0,0,88,1,0
C:\PROJECTS\quickstart-android\firestore\app\src\main\java\com\google\firebase\example\fireeats\java\adapter\RestaurantAdapter.java,com.google.firebase.example.fireeats.java.adapter.RestaurantAdapter$ViewHolder$Anonymous1,anonymous,2,2,0,2,2,1,0,1,0,0.0,NaN,NaN,1,0,1,0,0,0,1,0,0,0,0,0,0,0,0,0,0,0,0,7,0,0,1,0,0,0,0,0,0,0,1,0,0,0,7,-1,0
C:\PROJECTS\quickstart-android\firestore\app\src\main\java\com\google\firebase\example\fireeats\java\model\Rating.java,com.google.firebase.example.fireeats.java.model.Rating,class,2,9,7,2,13,1,0,4,40,0.76666665,0.1969697,0.56060606,12,0,12,0,0,0,12,0,0,0,5,0,0,5,0,0,0,0,0,48,5,0,0,0,0,0,0,10,0,5,1,0,0,0,19,1,0
C:\PROJECTS\quickstart-android\internal\chooserx\src\main\java\com\firebase\example\internal\ChoiceAdapter.java,com.firebase.example.internal.ChoiceAdapter,class,8,9,1,8,4,2,0,6,0,0.5,0.5,0.5,4,0,4,0,0,0,4,0,0,0,2,0,0,2,0,0,1,0,0,40,2,0,0,0,0,0,0,4,0,4,0,0,1,0,18,1,0
C:\PROJECTS\quickstart-android\internal\chooserx\src\main\java\com\firebase\example\internal\ChoiceAdapter.java,com.firebase.example.internal.ChoiceAdapter$ViewHolder$Anonymous1,anonymous,1,1,0,1,1,1,0,1,0,0.0,NaN,NaN,1,0,1,0,0,0,1,0,0,0,0,0,0,0,0,0,0,0,0,5,0,0,0,0,0,0,0,0,0,0,0,0,0,0,4,-1,0
C:\PROJECTS\quickstart-android\database\app\src\main\java\com\google\firebase\quickstart\database\java\listfragments\PostListFragment.java,com.google.firebase.quickstart.database.java.listfragments.PostListFragment$Anonymous1,anonymous,7,7,0,7,3,1,0,10,1,0.0,0.0,0.0,2,0,1,0,1,0,2,0,0,0,0,0,0,0,0,0,0,0,0,34,1,0,0,0,0,0,0,3,0,3,1,2,0,0,20,-1,0
C:\PROJECTS\quickstart-android\auth\app\src\main\java\com\google\firebase\quickstart\auth\java\GoogleSignInFragment.java,com.google.firebase.quickstart.auth.java.GoogleSignInFragment$Anonymous6,anonymous,1,1,0,1,1,1,0,1,0,0.0,NaN,NaN,1,0,1,0,0,0,1,0,0,0,0,0,0,0,0,0,0,0,0,5,0,0,0,0,0,1,0,0,0,0,0,0,0,0,6,-1,0
C:\PROJECTS\quickstart-android\auth\app\src\main\java\com\google\firebase\quickstart\auth\java\GoogleSignInFragment.java,com.google.firebase.quickstart.auth.java.GoogleSignInFragment$Anonymous7,anonymous,2,2,0,2,1,1,0,2,0,0.0,NaN,NaN,1,0,1,0,0,0,1,0,0,0,0,0,0,0,0,0,0,0,0,5,0,0,0,0,0,0,0,0,0,0,0,0,0,0,8,-1,0
C:\PROJECTS\quickstart-android\auth\app\src\main\java\com\google\firebase\quickstart\auth\java\GoogleSignInFragment.java,com.google.firebase.quickstart.auth.java.GoogleSignInFragment$Anonymous4,anonymous,5,5,0,5,2,1,0,9,0,0.0,NaN,NaN,1,0,1,0,0,0,1,0,0,0,0,0,0,0,0,0,0,0,0,15,0,0,0,0,0,3,0,1,0,1,1,0,0,0,13,-1,0
C:\PROJECTS\quickstart-android\auth\app\src\main\java\com\google\firebase\quickstart\auth\java\GoogleSignInFragment.java,com.google.firebase.quickstart.auth.java.GoogleSignInFragment$Anonymous5,anonymous,2,2,0,2,1,1,0,1,0,0.0,NaN,NaN,1,0,1,0,0,0,1,0,0,0,0,0,0,0,0,0,0,0,0,5,0,0,0,0,0,0,0,0,0,0,0,0,0,0,8,-1,0
C:\PROJECTS\quickstart-android\database\app\src\main\java\com\google\firebase\quickstart\database\java\PostDetailFragment.java,com.google.firebase.quickstart.database.java.PostDetailFragment,class,12,13,1,12,7,3,0,19,0,0.65000004,0.5,0.5,5,0,4,1,0,0,4,0,0,0,8,2,1,7,0,0,2,0,0,149,1,0,2,0,0,6,0,10,0,10,1,3,1,0,55,1,0
C:\PROJECTS\quickstart-android\auth\app\src\main\java\com\google\firebase\quickstart\auth\java\EmailPasswordFragment.java,com.google.firebase.quickstart.auth.java.EmailPasswordFragment,class,14,23,9,14,20,3,0,39,0,0.5555555,0.33333334,0.33333334,12,0,4,8,0,0,4,0,0,0,3,1,0,3,0,0,1,0,0,198,4,0,2,0,1,6,0,13,2,10,2,9,0,0,66,1,0
C:\PROJECTS\quickstart-android\auth\app\src\main\java\com\google\firebase\quickstart\auth\java\GoogleSignInFragment.java,com.google.firebase.quickstart.auth.java.GoogleSignInFragment$Anonymous8,anonymous,1,1,0,1,1,1,0,0,0,0.0,NaN,NaN,1,0,1,0,0,0,1,0,0,0,0,0,0,0,0,0,0,0,0,4,0,0,0,0,0,0,0,0,0,0,0,0,0,0,4,-1,0
C:\PROJECTS\quickstart-android\auth\app\src\main\java\com\google\firebase\quickstart\auth\java\GoogleSignInFragment.java,com.google.firebase.quickstart.auth.java.GoogleSignInFragment$Anonymous9,anonymous,3,3,0,3,1,1,0,1,0,0.0,NaN,NaN,1,0,1,0,0,0,1,0,0,0,0,0,0,0,0,0,0,0,0,5,0,0,0,0,0,0,0,0,0,0,0,0,0,0,7,-1,0
C:\PROJECTS\quickstart-android\crash\app\src\main\java\com\google\samples\quickstart\crash\java\MainActivity.java,com.google.samples.quickstart.crash.java.MainActivity$Anonymous1,anonymous,1,1,0,1,3,1,0,3,0,0.0,NaN,NaN,1,0,1,0,0,0,1,0,0,0,0,0,0,0,0,0,0,0,0,17,0,0,0,1,0,2,0,0,0,0,2,0,0,0,10,-1,0
C:\PROJECTS\quickstart-android\database\app\src\main\java\com\google\firebase\quickstart\database\java\SignInFragment.java,com.google.firebase.quickstart.database.java.SignInFragment,class,15,18,3,15,18,3,0,34,17,0.675,0.16666667,0.16666667,10,0,4,6,0,0,4,0,0,0,4,1,0,4,0,0,1,0,0,112,6,0,3,0,0,8,1,14,0,12,1,2,0,0,54,1,0
C:\PROJECTS\quickstart-android\config\app\src\main\java\com\google\samples\quickstart\config\java\MainActivity.java,com.google.samples.quickstart.config.java.MainActivity,class,10,15,5,10,4,2,0,19,0,0.52380955,NaN,NaN,3,0,0,2,1,0,1,0,0,0,7,4,0,7,0,0,4,0,0,70,0,0,0,0,0,4,1,9,0,9,1,3,0,0,69,1,0
C:\PROJECTS\quickstart-android\firestore\app\src\main\java\com\google\firebase\example\fireeats\java\adapter\RestaurantAdapter.java,com.google.firebase.example.fireeats.java.adapter.RestaurantAdapter,class,6,7,1,6,3,3,0,5,1,0.33333334,0.33333334,0.33333334,3,0,3,0,0,0,3,0,0,0,1,0,0,1,0,0,0,0,0,45,1,0,0,0,0,0,0,1,0,1,0,0,2,0,25,1,0
C:\PROJECTS\quickstart-android\internal\chooserx\src\main\java\com\firebase\example\internal\ChoiceAdapter.java,com.firebase.example.internal.ChoiceAdapter$ViewHolder,innerclass,5,5,0,5,2,2,0,3,0,0.0,1.0,1.0,2,0,2,0,0,0,2,0,0,0,3,0,0,3,0,0,3,0,0,21,0,0,0,0,0,0,0,3,0,3,0,1,0,0,11,1,0
C:\PROJECTS\quickstart-android\messaging\app\src\main\java\com\google\firebase\quickstart\fcm\java\MyWorker.java,com.google.firebase.quickstart.fcm.java.MyWorker,class,5,6,1,5,2,2,0,2,1,0.5,0.0,0.0,2,0,2,0,0,0,2,0,0,0,1,1,0,1,0,0,1,0,0,10,1,0,0,0,0,2,0,1,0,1,0,0,0,0,16,1,0
C:\PROJECTS\quickstart-android\auth\app\src\main\java\com\google\firebase\quickstart\auth\java\GoogleSignInFragment.java,com.google.firebase.quickstart.auth.java.GoogleSignInFragment$Anonymous2,anonymous,2,2,0,2,1,1,0,1,0,0.0,NaN,NaN,1,0,1,0,0,0,1,0,0,0,0,0,0,0,0,0,0,0,0,5,0,0,0,0,0,0,0,0,0,0,0,0,0,0,6,-1,0
C:\PROJECTS\quickstart-android\auth\app\src\main\java\com\google\firebase\quickstart\auth\java\GoogleSignInFragment.java,com.google.firebase.quickstart.auth.java.GoogleSignInFragment$Anonymous3,anonymous,2,2,0,2,1,1,0,1,0,0.0,NaN,NaN,1,0,1,0,0,0,1,0,0,0,0,0,0,0,0,0,0,0,0,5,0,0,0,0,0,0,0,0,0,0,0,0,0,0,6,-1,0
C:\PROJECTS\quickstart-android\admob\app\src\main\java\com\google\samples\quickstart\admobexample\java\FirstFragment.java,com.google.samples.quickstart.admobexample.java.FirstFragment$Anonymous1,anonymous,2,2,0,2,2,1,0,3,0,0.0,NaN,NaN,1,0,1,0,0,0,1,0,0,0,0,0,0,0,0,0,0,0,0,10,0,0,1,0,0,0,0,0,0,0,1,0,0,0,12,-1,0
C:\PROJECTS\quickstart-android\firestore\app\src\main\java\com\google\firebase\example\fireeats\java\RestaurantDetailFragment.java,com.google.firebase.example.fireeats.java.RestaurantDetailFragment,class,30,33,3,30,17,2,0,54,38,0.78571427,0.25,0.41666666,12,0,9,3,0,0,9,0,0,0,7,1,0,7,0,0,1,0,1,123,3,0,3,0,1,6,2,12,0,11,1,4,0,0,67,1,0
C:\PROJECTS\quickstart-android\auth\app\src\main\java\com\google\firebase\quickstart\auth\java\GoogleSignInFragment.java,com.google.firebase.quickstart.auth.java.GoogleSignInFragment$Anonymous1,anonymous,2,2,0,2,1,1,0,2,0,0.0,NaN,NaN,1,0,1,0,0,0,1,0,0,0,0,0,0,0,0,0,0,0,0,5,0,0,0,0,0,0,0,0,0,0,0,0,0,0,7,-1,0
C:\PROJECTS\quickstart-android\database\app\src\main\java\com\google\firebase\quickstart\database\java\listfragments\PostListFragment.java,com.google.firebase.quickstart.database.java.listfragments.PostListFragment$Anonymous4,anonymous,6,6,0,6,4,1,0,8,1,0.0,0.0,0.0,2,0,2,0,0,0,2,0,0,0,0,0,0,0,0,0,0,0,0,21,2,0,1,0,0,1,2,3,3,1,1,0,0,0,17,-1,0
C:\PROJECTS\quickstart-android\storage\app\src\androidTest\java\com\google\firebase\quickstart\firebasestorage\MainActivityTest.java,com.google.firebase.quickstart.firebasestorage.MainActivityTest,class,17,18,1,17,10,1,0,35,11,0.72222227,0.16666667,0.16666667,6,1,4,2,0,0,4,0,0,0,3,1,1,2,0,0,1,0,2,63,0,0,1,2,0,8,2,13,3,13,1,0,0,0,95,1,0
C:\PROJECTS\quickstart-android\auth\app\src\main\java\com\google\firebase\quickstart\auth\java\MultiFactorFragment.java,com.google.firebase.quickstart.auth.java.MultiFactorFragment$Anonymous2,anonymous,2,2,0,2,1,1,0,1,0,0.0,NaN,NaN,1,0,1,0,0,0,1,0,0,0,0,0,0,0,0,0,0,0,0,5,0,0,0,0,0,0,0,0,0,0,0,0,0,0,6,-1,0
C:\PROJECTS\quickstart-android\auth\app\src\main\java\com\google\firebase\quickstart\auth\java\MultiFactorFragment.java,com.google.firebase.quickstart.auth.java.MultiFactorFragment$Anonymous1,anonymous,1,1,0,1,1,1,0,2,0,0.0,NaN,NaN,1,0,1,0,0,0,1,0,0,0,0,0,0,0,0,0,0,0,0,5,0,0,0,0,0,0,0,0,0,0,0,0,0,0,4,-1,0
C:\PROJECTS\quickstart-android\auth\app\src\main\java\com\google\firebase\quickstart\auth\java\MultiFactorFragment.java,com.google.firebase.quickstart.auth.java.MultiFactorFragment$Anonymous4,anonymous,1,1,0,1,1,1,0,2,0,0.0,NaN,NaN,1,0,1,0,0,0,1,0,0,0,0,0,0,0,0,0,0,0,0,5,0,0,0,0,0,0,0,0,0,0,0,0,0,0,4,-1,0
C:\PROJECTS\quickstart-android\auth\app\src\main\java\com\google\firebase\quickstart\auth\java\MultiFactorFragment.java,com.google.firebase.quickstart.auth.java.MultiFactorFragment$Anonymous3,anonymous,2,2,0,2,1,1,0,1,0,0.0,NaN,NaN,1,0,1,0,0,0,1,0,0,0,0,0,0,0,0,0,0,0,0,5,0,0,0,0,0,0,0,0,0,0,0,0,0,0,7,-1,0
C:\PROJECTS\quickstart-android\auth\app\src\main\java\com\google\firebase\quickstart\auth\java\MultiFactorFragment.java,com.google.firebase.quickstart.auth.java.MultiFactorFragment$Anonymous6,anonymous,2,2,0,2,1,1,0,1,0,0.0,NaN,NaN,1,0,1,0,0,0,1,0,0,0,0,0,0,0,0,0,0,0,0,5,0,0,0,0,0,0,0,0,0,0,0,0,0,0,5,-1,0
C:\PROJECTS\quickstart-android\auth\app\src\main\java\com\google\firebase\quickstart\auth\java\MultiFactorEnrollFragment.java,com.google.firebase.quickstart.auth.java.MultiFactorEnrollFragment,class,14,17,3,14,6,3,0,20,0,0.6666667,0.0,0.0,5,0,2,3,0,0,2,0,0,0,3,1,0,3,0,0,1,0,0,80,2,0,0,0,0,2,0,6,0,7,1,6,0,0,52,1,0
C:\PROJECTS\quickstart-android\auth\app\src\main\java\com\google\firebase\quickstart\auth\java\MultiFactorFragment.java,com.google.firebase.quickstart.auth.java.MultiFactorFragment$Anonymous5,anonymous,1,1,0,1,1,1,0,2,0,0.0,NaN,NaN,1,0,1,0,0,0,1,0,0,0,0,0,0,0,0,0,0,0,0,5,0,0,0,0,0,0,0,0,0,0,0,0,0,0,4,-1,0
C:\PROJECTS\quickstart-android\auth\app\src\main\java\com\google\firebase\quickstart\auth\java\MultiFactorFragment.java,com.google.firebase.quickstart.auth.java.MultiFactorFragment$Anonymous8,anonymous,3,3,0,3,2,1,0,8,0,0.0,NaN,NaN,1,0,1,0,0,0,1,0,0,0,0,0,0,0,0,0,0,0,0,12,0,0,0,0,0,3,0,0,0,0,1,0,0,0,11,-1,0
C:\PROJECTS\quickstart-android\auth\app\src\main\java\com\google\firebase\quickstart\auth\java\MultiFactorFragment.java,com.google.firebase.quickstart.auth.java.MultiFactorFragment$Anonymous7,anonymous,2,2,0,2,2,1,0,8,0,0.0,NaN,NaN,1,0,1,0,0,0,1,0,0,0,0,0,0,0,0,0,0,0,0,12,0,0,0,0,0,3,0,0,1,0,1,0,0,0,11,-1,0
C:\PROJECTS\quickstart-android\auth\app\src\main\java\com\google\firebase\quickstart\auth\java\BaseFragment.java,com.google.firebase.quickstart.auth.java.BaseFragment,class,6,22,16,6,8,2,9,7,4,0.4,0.3,0.3,5,0,5,0,0,0,5,0,0,0,1,0,1,0,0,0,0,0,0,26,0,0,3,0,0,0,1,2,0,2,1,0,0,0,21,1,0
C:\PROJECTS\quickstart-android\messaging\app\src\main\java\com\google\firebase\quickstart\fcm\java\MainActivity.java,com.google.firebase.quickstart.fcm.java.MainActivity$Anonymous3$Anonymous4,anonymous,2,2,0,2,2,1,0,8,0,0.0,NaN,NaN,1,0,1,0,0,0,1,0,0,0,0,0,0,0,0,0,0,0,0,12,1,0,0,0,0,1,0,2,0,2,1,0,0,0,11,-1,0
C:\PROJECTS\quickstart-android\admob\app\src\main\java\com\google\samples\quickstart\admobexample\java\FirstFragment.java,com.google.samples.quickstart.admobexample.java.FirstFragment$Anonymous2,anonymous,4,4,0,4,3,1,0,6,1,0.0,0.0,0.0,2,0,2,0,0,0,2,0,0,0,0,0,0,0,0,0,0,0,0,22,0,0,1,0,0,1,0,2,1,0,1,1,0,0,18,-1,0
C:\PROJECTS\quickstart-android\crash\app\src\main\java\com\google\samples\quickstart\crash\java\CustomKeySamples.java,com.google.samples.quickstart.crash.java.CustomKeySamples$Anonymous1,anonymous,3,3,0,3,1,1,0,1,0,0.0,NaN,NaN,1,0,1,0,0,0,1,0,0,0,0,0,0,0,0,0,0,0,0,5,0,0,0,0,0,0,0,0,0,0,0,0,0,0,9,-1,0
C:\PROJECTS\quickstart-android\inappmessaging\app\src\main\java\com\google\firebase\fiamquickstart\java\MainActivity.java,com.google.firebase.fiamquickstart.java.MainActivity,class,7,7,0,7,1,2,0,11,0,0.33333334,NaN,NaN,1,0,0,0,1,0,1,0,0,0,3,1,0,3,0,0,1,0,0,28,0,0,0,0,0,1,0,4,0,4,0,2,0,0,28,1,0
C:\PROJECTS\quickstart-android\analytics\app\src\main\java\com\google\firebase\quickstart\analytics\java\ImageInfo.java,com.google.firebase.quickstart.analytics.java.ImageInfo,class,0,2,2,0,1,1,0,0,0,0.0,NaN,NaN,1,0,1,0,0,0,1,0,0,0,3,0,3,0,0,0,3,0,0,10,0,0,0,0,0,0,0,3,0,3,0,0,0,0,16,1,0
C:\PROJECTS\quickstart-android\database\app\src\main\java\com\google\firebase\quickstart\database\java\models\Comment.java,com.google.firebase.quickstart.database.java.models.Comment,class,1,4,3,1,2,1,0,0,1,0.5,0.0,0.0,2,0,2,0,0,0,2,0,0,0,3,0,3,0,0,0,0,0,0,12,0,0,0,0,0,0,0,3,0,3,0,0,0,0,4,1,0
C:\PROJECTS\quickstart-android\firestore\app\src\main\java\com\google\firebase\example\fireeats\java\adapter\RatingAdapter.java,com.google.firebase.example.fireeats.java.adapter.RatingAdapter$ViewHolder,innerclass,3,3,0,3,3,2,0,8,0,0.25,0.0,0.0,2,0,2,0,0,0,2,0,0,0,2,1,0,2,0,0,1,0,0,16,0,0,1,0,0,1,0,2,0,2,1,0,0,0,19,8,0
C:\PROJECTS\quickstart-android\config\app\src\main\java\com\google\samples\quickstart\config\java\MainActivity.java,com.google.samples.quickstart.config.java.MainActivity$Anonymous4,anonymous,3,3,0,3,2,1,0,6,0,0.0,NaN,NaN,1,0,1,0,0,0,1,0,0,0,0,0,0,0,0,0,0,0,0,13,0,0,0,0,0,3,0,1,1,1,1,0,0,0,10,-1,0
C:\PROJECTS\quickstart-android\config\app\src\main\java\com\google\samples\quickstart\config\java\MainActivity.java,com.google.samples.quickstart.config.java.MainActivity$Anonymous2,anonymous,3,3,0,3,3,1,0,7,1,0.0,0.0,0.0,2,0,2,0,0,0,2,0,0,0,0,0,0,0,0,0,0,0,0,16,0,0,0,0,0,2,0,0,2,0,1,1,0,0,23,-1,0
C:\PROJECTS\quickstart-android\config\app\src\main\java\com\google\samples\quickstart\config\java\MainActivity.java,com.google.samples.quickstart.config.java.MainActivity$Anonymous1,anonymous,2,2,0,2,1,1,0,1,0,0.0,NaN,NaN,1,0,1,0,0,0,1,0,0,0,0,0,0,0,0,0,0,0,0,5,0,0,0,0,0,0,0,0,0,0,0,0,0,0,6,-1,0
C:\PROJECTS\quickstart-android\messaging\app\src\main\java\com\google\firebase\quickstart\fcm\java\MainActivity.java,com.google.firebase.quickstart.fcm.java.MainActivity$Anonymous1$Anonymous2,anonymous,2,2,0,2,2,1,0,5,0,0.0,NaN,NaN,1,0,1,0,0,0,1,0,0,0,0,0,0,0,0,0,0,0,0,10,0,0,0,0,0,0,0,2,0,1,1,0,0,0,6,-1,0
C:\PROJECTS\quickstart-android\firestore\app\src\main\java\com\google\firebase\example\fireeats\java\RatingDialogFragment.java,com.google.firebase.example.fireeats.java.RatingDialogFragment$RatingListener,interface,1,1,0,1,1,1,0,0,0,0.0,NaN,NaN,1,0,0,0,0,1,1,0,0,0,0,0,0,0,0,0,0,0,0,3,0,0,0,0,0,0,0,0,0,0,0,0,0,0,4,0,0
C:\PROJECTS\quickstart-android\auth\app\src\main\java\com\google\firebase\quickstart\auth\java\TokenBroadcastReceiver.java,com.google.firebase.quickstart.auth.java.TokenBroadcastReceiver,class,5,7,2,5,4,2,0,6,1,0.5555556,0.33333334,0.33333334,3,1,3,0,0,0,3,1,0,0,3,3,2,1,0,0,3,0,0,17,1,0,0,0,0,4,0,5,1,5,1,0,0,0,45,1025,0
C:\PROJECTS\quickstart-android\auth\app\src\main\java\com\google\firebase\quickstart\auth\java\AnonymousAuthFragment.java,com.google.firebase.quickstart.auth.java.AnonymousAuthFragment,class,14,20,6,14,14,3,0,28,0,0.5925926,0.33333334,0.33333334,9,0,4,5,0,0,4,0,0,0,3,1,0,3,0,0,1,0,0,126,3,0,1,0,1,3,0,16,0,13,1,5,0,0,59,1,0
C:\PROJECTS\quickstart-android\auth\app\src\main\java\com\google\firebase\quickstart\auth\java\ChooserFragment.java,com.google.firebase.quickstart.auth.java.ChooserFragment$MyArrayAdapter,innerclass,7,7,0,7,4,2,0,4,0,0.33333334,0.6666667,1.0,3,0,3,0,0,0,3,0,0,0,2,0,0,2,0,0,0,0,0,21,1,0,1,0,2,0,0,5,0,4,1,0,0,0,22,9,0
C:\PROJECTS\quickstart-android\database\app\src\main\java\com\google\firebase\quickstart\database\java\PostDetailFragment.java,com.google.firebase.quickstart.database.java.PostDetailFragment$CommentAdapter$Anonymous4,anonymous,3,3,0,3,7,1,0,17,10,0.0,0.0,0.0,5,0,5,0,0,0,5,0,0,0,0,0,0,0,0,0,0,0,0,44,0,0,0,0,0,8,3,8,7,8,1,0,0,0,26,-1,0
C:\PROJECTS\quickstart-android\config\app\src\androidTest\java\com\google\samples\quickstart\config\MainActivityTest.java,com.google.samples.quickstart.config.MainActivityTest,class,7,7,0,7,1,1,0,15,0,0.0,NaN,NaN,1,0,1,0,0,0,1,0,0,0,1,0,1,0,0,0,0,0,0,7,0,0,0,0,0,1,0,1,0,1,0,0,0,0,19,1,0
C:\PROJECTS\quickstart-android\database\app\src\main\java\com\google\firebase\quickstart\database\java\BaseFragment.java,com.google.firebase.quickstart.database.java.BaseFragment,class,2,7,5,2,6,2,3,6,0,0.25,0.5,0.5,4,0,4,0,0,0,4,0,0,0,1,0,0,1,0,0,0,0,0,19,1,0,2,0,0,0,0,1,0,1,1,0,0,0,14,1,0
C:\PROJECTS\quickstart-android\storage\app\src\main\java\com\google\firebase\quickstart\firebasestorage\java\MainActivity.java,com.google.firebase.quickstart.firebasestorage.java.MainActivity$Anonymous2,anonymous,2,2,0,2,1,1,0,4,0,0.0,NaN,NaN,1,0,1,0,0,0,1,0,0,0,0,0,0,0,0,0,0,0,0,7,0,0,0,0,0,1,0,0,0,0,0,0,0,0,11,-1,0
C:\PROJECTS\quickstart-android\storage\app\src\main\java\com\google\firebase\quickstart\firebasestorage\java\MainActivity.java,com.google.firebase.quickstart.firebasestorage.java.MainActivity$Anonymous1,anonymous,3,3,0,3,5,1,0,10,0,0.0,NaN,NaN,1,0,1,0,0,0,1,0,0,0,0,0,0,0,0,0,0,0,4,19,0,0,0,0,0,4,1,1,1,1,1,0,0,0,22,-1,0
C:\PROJECTS\quickstart-android\storage\app\src\main\java\com\google\firebase\quickstart\firebasestorage\java\MainActivity.java,com.google.firebase.quickstart.firebasestorage.java.MainActivity$Anonymous3,anonymous,2,2,0,2,1,1,0,3,0,0.0,NaN,NaN,1,0,1,0,0,0,1,0,0,0,0,0,0,0,0,0,0,0,0,7,0,0,0,0,0,1,0,0,0,0,0,0,0,0,11,-1,0
C:\PROJECTS\quickstart-android\firestore\app\src\main\java\com\google\firebase\example\fireeats\java\FilterDialogFragment.java,com.google.firebase.example.fireeats.java.FilterDialogFragment$FilterListener,interface,1,1,0,1,1,1,0,0,0,0.0,NaN,NaN,1,0,0,0,0,1,1,0,0,0,0,0,0,0,0,0,0,0,0,3,0,0,0,0,0,0,0,0,0,0,0,0,0,0,5,0,0
C:\PROJECTS\quickstart-android\auth\app\src\main\java\com\google\firebase\quickstart\auth\java\CustomAuthFragment.java,com.google.firebase.quickstart.auth.java.CustomAuthFragment,class,13,17,4,13,12,2,0,20,2,0.7111111,0.33333334,0.46666667,9,0,6,3,0,0,6,0,0,0,5,1,0,5,0,0,1,0,1,82,1,0,3,0,1,5,0,9,2,7,1,3,0,0,55,1,0
C:\PROJECTS\quickstart-android\firestore\app\src\main\java\com\google\firebase\example\fireeats\java\MainFragment.java,com.google.firebase.example.fireeats.java.MainFragment,class,44,46,2,44,34,2,0,84,70,0.8333333,0.16363636,0.27272728,16,0,11,5,0,0,11,0,0,0,9,2,0,9,0,0,2,0,5,180,6,2,7,0,1,6,3,25,0,20,2,4,0,0,97,1,0
C:\PROJECTS\quickstart-android\perf\app\src\main\java\com\google\firebase\quickstart\perfmon\java\MainActivity.java,com.google.firebase.quickstart.perfmon.java.MainActivity,class,12,15,3,12,7,2,0,29,13,0.8833333,NaN,NaN,6,0,0,5,1,0,1,0,0,0,10,4,0,10,0,0,4,0,2,149,3,1,0,0,0,10,3,17,0,17,1,6,0,0,79,1,0
C:\PROJECTS\quickstart-android\auth\app\src\main\java\com\google\firebase\quickstart\auth\java\CustomAuthFragment.java,com.google.firebase.quickstart.auth.java.CustomAuthFragment$Anonymous1,anonymous,2,2,0,2,1,1,0,1,0,0.0,NaN,NaN,1,0,1,0,0,0,1,0,0,0,0,0,0,0,0,0,0,0,0,5,0,0,0,0,0,0,0,0,0,0,0,0,0,0,7,-1,0
C:\PROJECTS\quickstart-android\database\app\src\main\java\com\google\firebase\quickstart\database\java\PostDetailFragment.java,com.google.firebase.quickstart.database.java.PostDetailFragment$CommentAdapter,innerclass,9,9,0,9,6,1,0,7,4,0.68,0.3,0.4,5,0,5,0,0,0,5,0,0,0,5,0,0,5,0,0,0,0,0,76,2,0,1,0,0,0,0,9,0,9,1,1,0,0,32,10,0
C:\PROJECTS\quickstart-android\database\app\src\main\java\com\google\firebase\quickstart\database\java\NewPostFragment.java,com.google.firebase.quickstart.database.java.NewPostFragment,class,12,15,3,12,8,3,0,24,0,0.6,0.0,0.0,5,0,2,3,0,0,2,0,0,0,4,2,0,4,0,0,2,0,0,73,3,0,0,0,0,8,0,11,2,11,1,2,0,0,52,1,0
C:\PROJECTS\quickstart-android\auth\app\src\main\java\com\google\firebase\quickstart\auth\java\GoogleSignInFragment.java,com.google.firebase.quickstart.auth.java.GoogleSignInFragment,class,25,33,8,25,15,3,0,45,11,0.7090909,0.33333334,0.33333334,11,0,4,7,0,0,4,0,0,0,5,1,0,5,0,0,2,0,0,139,1,0,2,2,0,4,0,14,2,13,1,9,0,0,82,1,0
C:\PROJECTS\quickstart-android\firestore\app\src\main\java\com\google\firebase\example\fireeats\java\MainFragment.java,com.google.firebase.example.fireeats.java.MainFragment$Anonymous4,anonymous,1,1,0,1,1,1,0,2,0,0.0,NaN,NaN,1,0,1,0,0,0,1,0,0,0,0,0,0,0,0,0,0,0,0,5,0,0,0,0,0,0,0,0,0,0,0,0,0,0,7,-1,0
C:\PROJECTS\quickstart-android\analytics\app\src\androidTest\java\com\google\firebase\quickstart\analytics\MainActivityTest.java,com.google.firebase.quickstart.analytics.MainActivityTest,class,10,11,1,10,4,1,0,14,3,1.0,NaN,NaN,3,0,1,2,0,0,1,0,0,0,1,0,1,0,0,0,0,0,0,26,0,0,0,1,0,1,0,3,0,3,1,0,0,0,38,1,0
C:\PROJECTS\quickstart-android\database\app\src\main\java\com\google\firebase\quickstart\database\java\models\Post.java,com.google.firebase.quickstart.database.java.models.Post,class,2,8,6,2,3,1,0,1,1,0.44444442,0.33333334,0.33333334,3,0,3,0,0,0,3,0,0,0,6,0,6,0,0,0,0,0,0,26,1,0,0,0,0,6,1,7,0,7,0,0,0,0,11,1,0
C:\PROJECTS\quickstart-android\firestore\app\src\main\java\com\google\firebase\example\fireeats\java\Filters.java,com.google.firebase.example.fireeats.java.Filters,class,4,9,5,4,28,1,0,9,103,0.8,0.1633987,0.3398693,18,1,18,0,0,0,18,0,0,0,5,0,0,5,0,0,0,0,1,96,14,0,6,0,4,10,3,12,0,7,1,0,0,0,29,1,0
C:\PROJECTS\quickstart-android\auth\app\src\main\java\com\google\firebase\quickstart\auth\java\CustomAuthFragment.java,com.google.firebase.quickstart.auth.java.CustomAuthFragment$Anonymous2,anonymous,1,1,0,1,1,1,0,2,0,0.0,NaN,NaN,1,0,1,0,0,0,1,0,0,0,0,0,0,0,0,0,0,0,0,6,0,0,0,0,0,1,0,0,1,0,0,0,0,0,6,-1,0
C:\PROJECTS\quickstart-android\auth\app\src\main\java\com\google\firebase\quickstart\auth\java\CustomAuthFragment.java,com.google.firebase.quickstart.auth.java.CustomAuthFragment$Anonymous3,anonymous,4,4,0,4,2,1,0,9,0,0.0,NaN,NaN,1,0,1,0,0,0,1,0,0,0,0,0,0,0,0,0,0,0,0,14,0,0,0,0,0,3,0,1,0,1,1,0,0,0,12,-1,0
C:\PROJECTS\quickstart-android\database\app\src\main\java\com\google\firebase\quickstart\database\java\MainActivity.java,com.google.firebase.quickstart.database.java.MainActivity,class,5,5,0,5,1,2,0,9,0,0.0,NaN,NaN,1,0,0,0,1,0,1,0,0,0,2,0,0,2,0,0,0,0,0,30,0,0,0,0,0,0,0,3,0,3,0,1,0,0,27,1,0
C:\PROJECTS\quickstart-android\auth\app\src\main\java\com\google\firebase\quickstart\auth\java\FacebookLoginFragment.java,com.google.firebase.quickstart.auth.java.FacebookLoginFragment,class,17,21,4,17,7,3,0,27,0,0.625,0.5,0.5,6,0,4,2,0,0,4,0,0,0,4,1,0,4,0,0,1,0,0,85,1,0,1,0,0,4,0,7,1,7,1,3,0,0,56,1,0
C:\PROJECTS\quickstart-android\crash\app\src\main\java\com\google\samples\quickstart\crash\java\CustomKeySamples.java,com.google.samples.quickstart.crash.java.CustomKeySamples,class,10,13,3,10,32,1,0,43,22,0.61538464,0.42424244,0.42424244,13,0,12,1,0,0,12,0,0,0,2,0,0,2,0,0,1,0,1,103,11,0,10,1,1,28,3,17,1,14,3,1,0,0,171,1,0
C:\PROJECTS\quickstart-android\crash\app\src\main\java\com\google\samples\quickstart\crash\java\MainActivity.java,com.google.samples.quickstart.crash.java.MainActivity,class,6,7,1,6,2,2,0,16,0,0.5,1.0,1.0,2,0,1,0,1,0,2,0,0,0,3,1,0,3,0,0,1,0,0,42,0,0,0,0,0,8,1,4,0,4,0,1,0,0,70,1,0
C:\PROJECTS\quickstart-android\database\app\src\main\java\com\google\firebase\quickstart\database\java\PostDetailFragment.java,com.google.firebase.quickstart.database.java.PostDetailFragment$Anonymous1,anonymous,2,2,0,2,1,1,0,1,0,0.0,NaN,NaN,1,0,1,0,0,0,1,0,0,0,0,0,0,0,0,0,0,0,0,5,0,0,0,0,0,0,0,0,0,0,0,0,0,0,6,-1,0
C:\PROJECTS\quickstart-android\firestore\app\src\main\java\com\google\firebase\example\fireeats\java\MainFragment.java,com.google.firebase.example.fireeats.java.MainFragment$Anonymous1,anonymous,2,2,0,2,3,1,0,5,1,0.0,0.0,0.0,2,0,0,0,2,0,2,0,0,0,0,0,0,0,0,0,0,0,0,15,0,0,1,0,0,1,1,0,0,0,1,0,0,0,13,-1,0
C:\PROJECTS\quickstart-android\messaging\app\src\main\java\com\google\firebase\quickstart\fcm\java\MainActivity.java,com.google.firebase.quickstart.fcm.java.MainActivity$Anonymous3,anonymous,2,2,0,2,1,1,0,3,0,0.0,NaN,NaN,1,0,1,0,0,0,1,0,0,0,0,0,0,0,0,0,0,0,0,17,0,0,0,0,0,0,0,0,0,0,0,1,0,0,4,-1,0
C:\PROJECTS\quickstart-android\database\app\src\main\java\com\google\firebase\quickstart\database\java\PostDetailFragment.java,com.google.firebase.quickstart.database.java.PostDetailFragment$Anonymous2,anonymous,3,3,0,3,2,1,0,7,1,0.0,0.0,0.0,2,0,2,0,0,0,2,0,0,0,0,0,0,0,0,0,0,0,0,12,0,0,0,0,0,2,0,1,0,1,0,0,0,0,15,-1,0
C:\PROJECTS\quickstart-android\analytics\app\src\main\java\com\google\firebase\quickstart\analytics\java\ImageFragment.java,com.google.firebase.quickstart.analytics.java.ImageFragment,class,7,9,2,7,5,2,0,8,0,0.375,0.5,0.5,4,1,4,0,0,0,4,0,0,0,2,1,0,2,0,0,1,0,0,25,2,0,1,0,0,1,0,6,0,6,1,0,0,0,43,1,0
C:\PROJECTS\quickstart-android\database\app\src\main\java\com\google\firebase\quickstart\database\java\PostDetailFragment.java,com.google.firebase.quickstart.database.java.PostDetailFragment$Anonymous3,anonymous,4,4,0,4,2,1,0,6,1,0.0,0.0,0.0,2,0,2,0,0,0,2,0,0,0,0,0,0,0,0,0,0,0,0,12,0,0,0,0,0,0,0,4,0,4,0,0,0,0,17,-1,0
C:\PROJECTS\quickstart-android\firestore\app\src\main\java\com\google\firebase\example\fireeats\java\MainFragment.java,com.google.firebase.example.fireeats.java.MainFragment$Anonymous3,anonymous,2,2,0,2,1,1,0,1,0,0.0,NaN,NaN,1,0,1,0,0,0,1,0,0,0,0,0,0,0,0,0,0,0,0,5,0,0,0,0,0,0,0,0,0,0,0,0,0,0,8,-1,0
C:\PROJECTS\quickstart-android\functions\app\src\androidTest\java\com\google\samples\quickstart\functions\TestAddNumber.java,com.google.samples.quickstart.functions.TestAddNumber,class,11,11,0,11,2,1,0,12,1,1.0,0.0,0.0,2,0,2,0,0,0,2,0,0,0,1,0,1,0,0,0,0,0,0,15,0,0,0,0,0,4,1,4,0,4,0,0,0,0,27,1,0
C:\PROJECTS\quickstart-android\messaging\app\src\main\java\com\google\firebase\quickstart\fcm\java\MainActivity.java,com.google.firebase.quickstart.fcm.java.MainActivity$Anonymous1,anonymous,2,2,0,2,1,1,0,4,0,0.0,NaN,NaN,1,0,1,0,0,0,1,0,0,0,0,0,0,0,0,0,0,0,0,16,0,0,0,0,0,2,0,0,0,0,0,1,0,0,6,-1,0
C:\PROJECTS\quickstart-android\firestore\app\src\main\java\com\google\firebase\example\fireeats\java\MainFragment.java,com.google.firebase.example.fireeats.java.MainFragment$Anonymous2,anonymous,2,2,0,2,2,1,0,4,0,0.0,NaN,NaN,1,0,1,0,0,0,1,0,0,0,0,0,0,0,0,0,0,0,0,10,0,0,0,0,0,2,0,0,0,0,1,0,0,0,4,-1,0
C:\PROJECTS\quickstart-android\internal\chooserx\src\main\java\com\firebase\example\internal\Choice.java,com.firebase.example.internal.Choice,class,1,4,3,1,1,1,0,0,0,0.0,NaN,NaN,1,0,1,0,0,0,1,0,0,0,3,0,3,0,0,0,3,0,0,10,0,0,0,0,0,0,0,3,0,3,0,0,0,0,5,1,0
C:\PROJECTS\quickstart-android\storage\app\src\main\java\com\google\firebase\quickstart\firebasestorage\java\MyDownloadService.java,com.google.firebase.quickstart.firebasestorage.java.MyDownloadService$Anonymous1,anonymous,3,3,0,3,2,1,0,5,0,0.0,NaN,NaN,1,0,1,0,0,0,1,0,0,0,0,0,0,0,0,0,0,0,0,13,0,1,1,0,1,0,3,5,0,4,1,0,0,0,20,-1,0
C:\PROJECTS\quickstart-android\appdistribution\app\src\androidTest\java\com\google\firebase\appdistributionquickstart\InstrumentedTest.java,com.google.firebase.appdistributionquickstart.InstrumentedTest,class,14,15,1,14,11,1,0,26,34,0.8333334,0.0,0.0,9,0,4,5,0,0,4,0,0,0,2,0,1,1,0,0,0,0,1,46,1,0,0,2,0,0,1,2,0,2,1,0,0,0,47,1,0
C:\PROJECTS\quickstart-android\storage\app\src\main\java\com\google\firebase\quickstart\firebasestorage\java\MyDownloadService.java,com.google.firebase.quickstart.firebasestorage.java.MyDownloadService$Anonymous2,anonymous,3,3,0,3,1,1,0,5,0,0.0,NaN,NaN,1,0,1,0,0,0,1,0,0,0,0,0,0,0,0,0,0,0,0,8,0,0,0,0,0,1,0,0,0,0,0,0,0,0,10,-1,0
C:\PROJECTS\quickstart-android\storage\app\src\main\java\com\google\firebase\quickstart\firebasestorage\java\MyDownloadService.java,com.google.firebase.quickstart.firebasestorage.java.MyDownloadService$Anonymous3,anonymous,3,3,0,3,1,1,0,4,0,0.0,NaN,NaN,1,0,1,0,0,0,1,0,0,0,0,0,0,0,0,0,0,0,0,8,0,0,0,0,0,1,2,0,0,0,0,0,0,0,11,-1,0
C:\PROJECTS\quickstart-android\database\app\src\main\java\com\google\firebase\quickstart\database\java\listfragments\PostListFragment.java,com.google.firebase.quickstart.database.java.listfragments.PostListFragment,class,15,22,7,15,10,2,3,22,20,0.8,0.1904762,0.2857143,8,0,7,1,0,0,7,1,0,0,5,1,0,5,0,0,1,0,0,102,2,0,2,0,0,1,0,8,0,8,1,2,0,0,42,1025,0
C:\PROJECTS\quickstart-android\firestore\app\src\main\java\com\google\firebase\example\fireeats\java\util\RatingUtil.java,com.google.firebase.example.fireeats.java.util.RatingUtil,class,2,4,2,2,5,1,0,12,3,0.6666667,0.0,0.0,3,3,3,0,0,0,3,0,0,0,1,1,1,0,0,0,1,0,3,28,3,2,0,0,0,6,3,9,2,8,1,0,0,0,46,1,0
C:\PROJECTS\quickstart-android\database\app\src\main\java\com\google\firebase\quickstart\database\java\NewPostFragment.java,com.google.firebase.quickstart.database.java.NewPostFragment$Anonymous1,anonymous,2,2,0,2,1,1,0,1,0,0.0,NaN,NaN,1,0,1,0,0,0,1,0,0,0,0,0,0,0,0,0,0,0,0,5,0,0,0,0,0,0,0,0,0,0,0,0,0,0,6,-1,0
C:\PROJECTS\quickstart-android\database\app\src\main\java\com\google\firebase\quickstart\database\java\NewPostFragment.java,com.google.firebase.quickstart.database.java.NewPostFragment$Anonymous2,anonymous,5,5,0,5,3,1,0,11,1,0.0,0.0,0.0,2,0,2,0,0,0,2,0,0,0,0,0,0,0,0,0,0,0,0,18,0,0,1,0,0,4,0,1,1,1,1,0,0,0,27,-1,0
C:\PROJECTS\quickstart-android\config\app\src\main\java\com\google\samples\quickstart\config\java\MainActivity.java,com.google.samples.quickstart.config.java.MainActivity$Anonymous2$Anonymous3,anonymous,3,3,0,3,1,1,0,1,0,0.0,NaN,NaN,1,0,1,0,0,0,1,0,0,0,0,0,0,0,0,0,0,0,0,5,0,0,0,0,0,0,0,0,0,0,0,0,0,0,6,-1,0
C:\PROJECTS\quickstart-android\auth\app\src\main\java\com\google\firebase\quickstart\auth\java\MainActivity.java,com.google.firebase.quickstart.auth.java.MainActivity,class,3,3,0,3,1,2,0,4,0,0.0,NaN,NaN,1,0,0,0,1,0,1,0,0,0,0,0,0,0,0,0,0,0,0,7,0,0,0,0,0,0,0,0,0,0,0,0,0,0,13,1,0
C:\PROJECTS\quickstart-android\auth\app\src\main\java\com\google\firebase\quickstart\auth\java\MultiFactorUnenrollFragment.java,com.google.firebase.quickstart.auth.java.MultiFactorUnenrollFragment$Anonymous1$Anonymous2,anonymous,2,2,0,2,2,1,0,7,0,0.0,NaN,NaN,1,0,1,0,0,0,1,0,0,0,0,0,0,0,0,0,0,0,0,11,0,0,0,0,0,2,0,0,1,0,1,0,0,0,9,-1,0
C:\PROJECTS\quickstart-android\analytics\app\src\main\java\com\google\firebase\quickstart\analytics\java\MainActivity.java,com.google.firebase.quickstart.analytics.java.MainActivity,class,16,20,4,16,13,3,0,41,27,0.80681825,0.16666667,0.16666667,11,0,3,7,1,0,4,0,0,0,8,3,0,8,0,0,3,0,0,135,5,0,2,0,0,12,0,26,3,26,1,3,1,0,156,1,0
C:\PROJECTS\quickstart-android\firestore\app\src\main\java\com\google\firebase\example\fireeats\java\RatingDialogFragment.java,com.google.firebase.example.fireeats.java.RatingDialogFragment,class,12,14,2,12,11,2,0,20,13,0.7619048,0.1,0.1,7,0,5,2,0,0,5,0,0,0,3,1,1,2,0,0,1,0,0,48,1,0,1,0,0,1,0,5,0,4,1,0,1,0,36,1,0
C:\PROJECTS\quickstart-android\firestore\app\src\main\java\com\google\firebase\example\fireeats\java\RestaurantDetailFragment.java,com.google.firebase.example.fireeats.java.RestaurantDetailFragment$Anonymous3,anonymous,2,2,0,2,1,1,0,5,0,0.0,NaN,NaN,1,0,1,0,0,0,1,0,0,0,0,0,0,0,0,0,0,0,0,7,0,0,0,0,0,2,0,0,0,0,0,0,0,0,9,-1,0
C:\PROJECTS\quickstart-android\firestore\app\src\main\java\com\google\firebase\example\fireeats\java\RestaurantDetailFragment.java,com.google.firebase.example.fireeats.java.RestaurantDetailFragment$Anonymous4,anonymous,3,3,0,3,1,1,0,8,0,0.0,NaN,NaN,1,0,1,0,0,0,1,0,0,0,0,0,0,0,0,0,0,0,0,13,1,0,0,0,1,0,1,4,4,4,0,0,0,0,18,-1,0
C:\PROJECTS\quickstart-android\firestore\app\src\main\java\com\google\firebase\example\fireeats\java\RestaurantDetailFragment.java,com.google.firebase.example.fireeats.java.RestaurantDetailFragment$Anonymous1,anonymous,1,1,0,1,2,1,0,2,0,0.0,NaN,NaN,1,0,0,0,1,0,1,0,0,0,0,0,0,0,0,0,0,0,0,12,0,0,1,0,0,0,1,0,0,0,1,0,0,0,6,-1,0
C:\PROJECTS\quickstart-android\firestore\app\src\main\java\com\google\firebase\example\fireeats\java\RestaurantDetailFragment.java,com.google.firebase.example.fireeats.java.RestaurantDetailFragment$Anonymous2,anonymous,1,1,0,1,1,1,0,3,0,0.0,NaN,NaN,1,0,1,0,0,0,1,0,0,0,0,0,0,0,0,0,0,0,0,7,0,0,0,0,0,1,1,0,0,0,0,0,0,0,6,-1,0
C:\PROJECTS\quickstart-android\storage\app\src\main\java\com\google\firebase\quickstart\firebasestorage\java\MyDownloadService.java,com.google.firebase.quickstart.firebasestorage.java.MyDownloadService,class,11,15,4,11,12,3,0,22,9,0.71428573,0.0,0.0,7,1,4,3,0,0,4,0,0,0,7,6,5,2,0,0,6,0,0,78,4,0,2,0,0,9,4,15,2,15,1,3,0,0,86,1,0
C:\PROJECTS\quickstart-android\firestore\app\src\main\java\com\google\firebase\example\fireeats\java\util\RestaurantUtil.java,com.google.firebase.example.fireeats.java.util.RestaurantUtil,class,4,9,5,4,10,1,0,18,21,0.88571435,0.0,0.0,7,7,3,4,0,0,3,0,0,0,5,5,0,5,0,0,5,0,12,52,9,0,0,0,0,22,11,15,2,13,1,0,0,0,45,1,0
C:\PROJECTS\quickstart-android\analytics\app\src\main\java\com\google\firebase\quickstart\analytics\java\MainActivity.java,com.google.firebase.quickstart.analytics.java.MainActivity$ImagePagerAdapter,innerclass,7,7,0,7,6,2,0,4,0,0.0,0.5,0.5,4,0,4,0,0,0,4,0,0,0,1,0,0,1,0,0,1,0,2,22,4,0,0,0,0,0,1,4,0,4,1,0,0,0,35,1,0
C:\PROJECTS\quickstart-android\firestore\app\src\main\java\com\google\firebase\example\fireeats\java\adapter\RestaurantAdapter.java,com.google.firebase.example.fireeats.java.adapter.RestaurantAdapter$OnRestaurantSelectedListener,interface,1,1,0,1,1,1,0,0,0,0.0,NaN,NaN,1,0,0,0,0,1,1,0,0,0,0,0,0,0,0,0,0,0,0,3,0,0,0,0,0,0,0,0,0,0,0,0,0,0,8,1,0
C:\PROJECTS\quickstart-android\database\app\src\main\java\com\google\firebase\quickstart\database\java\viewholder\PostViewHolder.java,com.google.firebase.quickstart.database.java.viewholder.PostViewHolder,class,6,8,2,6,2,2,0,4,0,0.0,1.0,1.0,2,0,2,0,0,0,2,0,0,0,5,0,5,0,0,0,0,0,1,22,0,0,0,0,0,0,0,5,0,5,0,0,0,0,16,1,0
C:\PROJECTS\quickstart-android\analytics\app\src\main\java\com\google\firebase\quickstart\analytics\java\MainActivity.java,com.google.firebase.quickstart.analytics.java.MainActivity$Anonymous3,anonymous,2,2,0,2,1,1,0,1,0,0.0,NaN,NaN,1,0,1,0,0,0,1,0,0,0,0,0,0,0,0,0,0,0,0,6,0,0,0,0,0,0,0,1,0,1,0,0,0,0,10,-1,0
C:\PROJECTS\quickstart-android\analytics\app\src\main\java\com\google\firebase\quickstart\analytics\java\MainActivity.java,com.google.firebase.quickstart.analytics.java.MainActivity$Anonymous2,anonymous,2,2,0,2,1,1,0,1,0,0.0,NaN,NaN,1,0,1,0,0,0,1,0,0,0,0,0,0,0,0,0,0,0,0,5,0,0,0,0,0,0,0,0,0,0,0,0,0,0,4,-1,0
C:\PROJECTS\quickstart-android\analytics\app\src\main\java\com\google\firebase\quickstart\analytics\java\MainActivity.java,com.google.firebase.quickstart.analytics.java.MainActivity$Anonymous1,anonymous,1,1,0,1,1,1,0,3,0,0.0,NaN,NaN,1,0,1,0,0,0,1,0,0,0,0,0,0,0,0,0,0,0,0,7,0,0,0,0,0,0,0,0,0,0,0,0,0,0,8,-1,0
C:\PROJECTS\quickstart-android\auth\app\src\main\java\com\google\firebase\quickstart\auth\java\MultiFactorUnenrollFragment.java,com.google.firebase.quickstart.auth.java.MultiFactorUnenrollFragment,class,11,11,0,11,5,3,0,16,0,0.0,0.33333334,0.33333334,3,0,3,0,0,0,3,0,0,0,1,0,0,1,0,0,0,0,0,50,1,2,0,0,0,0,1,7,0,6,1,1,0,0,31,1,0
C:\PROJECTS\quickstart-android\perf\app\src\main\java\com\google\firebase\quickstart\perfmon\java\MainActivity.java,com.google.firebase.quickstart.perfmon.java.MainActivity$Anonymous8,anonymous,2,2,0,2,2,1,0,11,0,0.0,NaN,NaN,1,0,1,0,0,0,1,0,0,0,0,0,0,0,0,0,0,0,0,14,1,0,0,0,0,2,0,1,0,1,1,0,0,0,10,-1,0
C:\PROJECTS\quickstart-android\inappmessaging\app\src\main\java\com\google\firebase\fiamquickstart\java\MainActivity.java,com.google.firebase.fiamquickstart.java.MainActivity$Anonymous2,anonymous,0,0,0,0,1,1,0,3,0,0.0,NaN,NaN,1,0,1,0,0,0,1,0,0,0,0,0,0,0,0,0,0,0,0,6,0,0,0,0,0,1,0,0,1,0,0,0,0,0,5,-1,0
C:\PROJECTS\quickstart-android\perf\app\src\main\java\com\google\firebase\quickstart\perfmon\java\MainActivity.java,com.google.firebase.quickstart.perfmon.java.MainActivity$Anonymous3,anonymous,0,0,0,0,2,1,0,5,0,0.0,NaN,NaN,1,0,1,0,0,0,1,0,0,0,0,0,0,0,0,0,0,0,0,20,0,0,0,1,0,2,0,0,0,0,1,1,0,0,9,-1,0
C:\PROJECTS\quickstart-android\dynamiclinks\app\src\main\java\com\google\firebase\quickstart\deeplinks\java\MainActivity.java,com.google.firebase.quickstart.deeplinks.java.MainActivity$Anonymous6,anonymous,4,4,0,4,2,1,0,9,0,0.0,NaN,NaN,1,0,1,0,0,0,1,0,0,0,0,0,0,0,0,0,0,0,0,12,0,0,0,0,0,0,0,2,0,2,1,0,0,0,12,-1,0
C:\PROJECTS\quickstart-android\perf\app\src\main\java\com\google\firebase\quickstart\perfmon\java\MainActivity.java,com.google.firebase.quickstart.perfmon.java.MainActivity$Anonymous1,anonymous,3,3,0,3,1,1,0,5,0,0.0,NaN,NaN,1,0,1,0,0,0,1,0,0,0,0,0,0,0,0,0,0,0,0,15,0,0,0,0,0,1,1,1,1,1,0,1,0,0,9,-1,0
C:\PROJECTS\quickstart-android\dynamiclinks\app\src\main\java\com\google\firebase\quickstart\deeplinks\java\MainActivity.java,com.google.firebase.quickstart.deeplinks.java.MainActivity$Anonymous4,anonymous,2,2,0,2,3,1,0,7,0,0.0,NaN,NaN,1,0,1,0,0,0,1,0,0,0,0,0,0,0,0,0,0,0,0,15,0,0,2,0,0,2,0,2,0,1,1,0,0,0,16,-1,0
C:\PROJECTS\quickstart-android\perf\app\src\main\java\com\google\firebase\quickstart\perfmon\java\MainActivity.java,com.google.firebase.quickstart.perfmon.java.MainActivity$Anonymous6,anonymous,0,0,0,0,2,1,0,5,0,0.0,NaN,NaN,1,0,1,0,0,0,1,0,0,0,0,0,0,0,0,0,0,0,0,13,0,0,0,1,0,0,0,1,0,1,1,0,0,0,10,-1,0
C:\PROJECTS\quickstart-android\dynamiclinks\app\src\main\java\com\google\firebase\quickstart\deeplinks\java\MainActivity.java,com.google.firebase.quickstart.deeplinks.java.MainActivity$Anonymous5,anonymous,1,1,0,1,1,1,0,1,0,0.0,NaN,NaN,1,0,1,0,0,0,1,0,0,0,0,0,0,0,0,0,0,0,0,5,0,0,0,0,0,1,0,0,0,0,0,0,0,0,4,-1,0
C:\PROJECTS\quickstart-android\perf\app\src\main\java\com\google\firebase\quickstart\perfmon\java\MainActivity.java,com.google.firebase.quickstart.perfmon.java.MainActivity$Anonymous7,anonymous,1,1,0,1,3,1,0,13,0,0.0,NaN,NaN,1,0,1,0,0,0,1,0,0,0,0,0,0,0,0,0,0,0,0,25,0,0,0,1,0,0,0,7,0,7,2,0,0,0,29,-1,0
C:\PROJECTS\quickstart-android\dynamiclinks\app\src\main\java\com\google\firebase\quickstart\deeplinks\java\MainActivity.java,com.google.firebase.quickstart.deeplinks.java.MainActivity$Anonymous2,anonymous,3,3,0,3,1,1,0,4,0,0.0,NaN,NaN,1,0,1,0,0,0,1,0,0,0,0,0,0,0,0,0,0,0,0,7,0,0,0,0,0,0,0,2,0,2,0,0,0,0,13,-1,0
C:\PROJECTS\quickstart-android\firestore\app\src\main\java\com\google\firebase\example\fireeats\java\adapter\RestaurantAdapter.java,com.google.firebase.example.fireeats.java.adapter.RestaurantAdapter$ViewHolder,innerclass,8,8,0,8,3,2,0,18,1,0.33333334,0.0,0.0,3,0,3,0,0,0,3,0,0,0,1,0,0,1,0,0,0,0,1,29,0,0,0,0,0,0,0,3,0,3,0,1,0,0,17,8,0
C:\PROJECTS\quickstart-android\dynamiclinks\app\src\main\java\com\google\firebase\quickstart\deeplinks\java\MainActivity.java,com.google.firebase.quickstart.deeplinks.java.MainActivity$Anonymous3,anonymous,3,3,0,3,1,1,0,2,0,0.0,NaN,NaN,1,0,1,0,0,0,1,0,0,0,0,0,0,0,0,0,0,0,0,6,0,0,0,0,0,0,1,1,0,1,0,0,0,0,21,-1,0
C:\PROJECTS\quickstart-android\perf\app\src\main\java\com\google\firebase\quickstart\perfmon\java\MainActivity.java,com.google.firebase.quickstart.perfmon.java.MainActivity$Anonymous5,anonymous,5,5,0,5,2,1,0,1,1,0.0,0.0,0.0,2,0,2,0,0,0,2,0,0,0,0,0,0,0,0,0,0,0,0,10,2,0,0,0,0,0,0,0,0,0,0,0,0,0,14,-1,0
C:\PROJECTS\quickstart-android\firestore\app\src\main\java\com\google\firebase\example\fireeats\java\FilterDialogFragment.java,com.google.firebase.example.fireeats.java.FilterDialogFragment,class,14,16,2,14,31,2,0,31,17,0.7380953,0.19444445,0.19444445,14,0,9,5,0,0,9,0,0,0,3,1,1,2,0,0,1,0,0,125,18,0,3,0,0,1,8,10,0,9,1,0,1,0,47,1,0
C:\PROJECTS\quickstart-android\firestore\app\src\main\java\com\google\firebase\example\fireeats\java\adapter\RatingAdapter.java,com.google.firebase.example.fireeats.java.adapter.RatingAdapter,class,6,7,1,6,3,3,0,6,3,0.0,0.0,0.0,3,0,3,0,0,0,3,0,0,0,0,0,0,0,0,0,0,0,0,27,1,0,0,0,0,0,0,0,0,0,0,0,1,0,20,1,0
C:\PROJECTS\quickstart-android\database\app\src\main\java\com\google\firebase\quickstart\database\java\listfragments\MyTopPostsFragment.java,com.google.firebase.quickstart.database.java.listfragments.MyTopPostsFragment,class,3,4,1,3,2,3,0,3,1,0.0,0.0,0.0,2,0,2,0,0,0,2,0,0,0,0,0,0,0,0,0,0,0,0,9,1,0,0,0,0,2,0,2,0,2,0,0,0,0,15,1,0
C:\PROJECTS\quickstart-android\dynamiclinks\app\src\main\java\com\google\firebase\quickstart\deeplinks\java\MainActivity.java,com.google.firebase.quickstart.deeplinks.java.MainActivity$Anonymous1,anonymous,2,2,0,2,1,1,0,2,0,0.0,NaN,NaN,1,0,1,0,0,0,1,0,0,0,0,0,0,0,0,0,0,0,0,5,0,0,0,0,0,0,0,0,0,0,0,0,0,0,7,-1,0
C:\PROJECTS\quickstart-android\internal\chooserx\src\main\java\com\firebase\example\internal\BaseEntryChoiceActivity.java,com.firebase.example.internal.BaseEntryChoiceActivity,class,7,8,1,7,2,2,0,6,1,0.5,0.0,0.0,2,0,0,0,2,0,2,1,0,0,1,0,0,1,0,0,0,0,0,11,0,0,0,0,0,0,0,1,0,1,0,0,0,0,26,1025,0
C:\PROJECTS\quickstart-android\admob\app\src\main\java\com\google\samples\quickstart\admobexample\java\MainActivity.java,com.google.samples.quickstart.admobexample.java.MainActivity,class,2,2,0,2,1,2,0,4,0,0.0,NaN,NaN,1,0,0,0,1,0,1,0,0,0,0,0,0,0,0,0,0,0,0,7,0,0,0,0,0,0,0,0,0,0,0,0,0,0,13,1,0
C:\PROJECTS\quickstart-android\auth\app\src\main\java\com\google\firebase\quickstart\auth\java\MultiFactorUnenrollFragment.java,com.google.firebase.quickstart.auth.java.MultiFactorUnenrollFragment$Anonymous1,anonymous,2,2,0,2,1,1,0,5,0,0.0,NaN,NaN,1,0,1,0,0,0,1,0,0,0,0,0,0,0,0,0,0,0,0,16,0,0,0,0,0,0,0,0,0,0,0,1,0,0,8,-1,0
C:\PROJECTS\quickstart-android\database\app\src\main\java\com\google\firebase\quickstart\database\java\listfragments\MyPostsFragment.java,com.google.firebase.quickstart.database.java.listfragments.MyPostsFragment,class,3,4,1,3,2,3,0,2,1,0.0,0.0,0.0,2,0,2,0,0,0,2,0,0,0,0,0,0,0,0,0,0,0,0,7,1,0,0,0,0,1,0,0,0,0,0,0,0,0,11,1,0
C:\PROJECTS\quickstart-android\storage\app\src\main\java\com\google\firebase\quickstart\firebasestorage\java\MyUploadService.java,com.google.firebase.quickstart.firebasestorage.java.MyUploadService$Anonymous3,anonymous,4,4,0,4,1,1,0,4,0,0.0,NaN,NaN,1,0,1,0,0,0,1,0,0,0,0,0,0,0,0,0,0,0,0,8,0,0,0,0,0,1,0,0,0,0,0,0,0,0,13,-1,0
C:\PROJECTS\quickstart-android\storage\app\src\main\java\com\google\firebase\quickstart\firebasestorage\java\MyUploadService.java,com.google.firebase.quickstart.firebasestorage.java.MyUploadService$Anonymous4,anonymous,3,3,0,3,1,1,0,4,0,0.0,NaN,NaN,1,0,1,0,0,0,1,0,0,0,0,0,0,0,0,0,0,0,0,8,0,0,0,0,0,1,0,0,0,0,0,0,0,0,11,-1,0
C:\PROJECTS\quickstart-android\storage\app\src\main\java\com\google\firebase\quickstart\firebasestorage\java\MyUploadService.java,com.google.firebase.quickstart.firebasestorage.java.MyUploadService$Anonymous1,anonymous,2,2,0,2,1,1,0,4,0,0.0,NaN,NaN,1,0,1,0,0,0,1,0,0,0,0,0,0,0,0,0,0,0,0,5,0,0,0,0,0,0,0,0,0,0,0,0,0,0,8,-1,0
C:\PROJECTS\quickstart-android\storage\app\src\main\java\com\google\firebase\quickstart\firebasestorage\java\MyUploadService.java,com.google.firebase.quickstart.firebasestorage.java.MyUploadService$Anonymous2,anonymous,3,3,0,3,2,1,0,4,0,0.0,NaN,NaN,1,0,1,0,0,0,1,0,0,0,0,0,0,0,0,0,0,0,0,9,1,0,0,0,0,1,0,0,0,0,1,0,0,0,4,-1,0
C:\PROJECTS\quickstart-android\crash\app\src\androidTest\java\com\google\samples\quickstart\crash\MainActivityTest.java,com.google.samples.quickstart.crash.MainActivityTest,class,9,9,0,9,2,1,0,10,0,0.0,NaN,NaN,1,0,1,0,0,0,1,0,0,0,1,0,1,0,0,0,0,0,0,12,0,0,0,0,0,0,0,4,0,4,1,0,0,0,20,1,0
C:\PROJECTS\quickstart-android\storage\app\src\main\java\com\google\firebase\quickstart\firebasestorage\java\MainActivity.java,com.google.firebase.quickstart.firebasestorage.java.MainActivity,class,21,28,7,21,30,2,0,56,93,0.82222235,0.14285715,0.21428572,18,0,7,10,1,0,8,0,0,0,10,3,0,10,0,0,4,0,2,193,3,0,9,0,0,11,0,22,2,18,2,3,0,2,123,1,0
C:\PROJECTS\quickstart-android\auth\app\src\main\java\com\google\firebase\quickstart\auth\java\MultiFactorSignInFragment.java,com.google.firebase.quickstart.auth.java.MultiFactorSignInFragment,class,20,23,3,20,14,3,0,32,18,0.7592593,0.2,0.2,9,0,5,4,0,0,5,0,0,0,6,2,1,5,0,0,2,0,0,107,5,2,2,0,0,3,1,12,0,11,2,6,0,0,79,1,0
C:\PROJECTS\quickstart-android\auth\app\src\main\java\com\google\firebase\quickstart\auth\java\AnonymousAuthFragment.java,com.google.firebase.quickstart.auth.java.AnonymousAuthFragment$Anonymous2,anonymous,2,2,0,2,1,1,0,1,0,0.0,NaN,NaN,1,0,1,0,0,0,1,0,0,0,0,0,0,0,0,0,0,0,0,5,0,0,0,0,0,0,0,0,0,0,0,0,0,0,6,-1,0
C:\PROJECTS\quickstart-android\auth\app\src\main\java\com\google\firebase\quickstart\auth\java\AnonymousAuthFragment.java,com.google.firebase.quickstart.auth.java.AnonymousAuthFragment$Anonymous3,anonymous,2,2,0,2,1,1,0,1,0,0.0,NaN,NaN,1,0,1,0,0,0,1,0,0,0,0,0,0,0,0,0,0,0,0,5,0,0,0,0,0,0,0,0,0,0,0,0,0,0,6,-1,0
C:\PROJECTS\quickstart-android\auth\app\src\main\java\com\google\firebase\quickstart\auth\java\AnonymousAuthFragment.java,com.google.firebase.quickstart.auth.java.AnonymousAuthFragment$Anonymous4,anonymous,5,5,0,5,2,1,0,10,0,0.0,NaN,NaN,1,0,1,0,0,0,1,0,0,0,0,0,0,0,0,0,0,0,0,15,0,0,0,0,0,3,0,1,0,1,1,0,0,0,15,-1,0
C:\PROJECTS\quickstart-android\inappmessaging\app\src\androidTest\java\com\google\firebase\fiamquickstart\InstrumentedTest.java,com.google.firebase.fiamquickstart.InstrumentedTest,class,14,15,1,14,11,1,0,26,34,0.8333334,0.0,0.0,9,0,4,5,0,0,4,0,0,0,2,0,1,1,0,0,0,0,1,46,1,0,0,2,0,0,1,2,0,2,1,0,0,0,47,1,0
C:\PROJECTS\quickstart-android\auth\app\src\main\java\com\google\firebase\quickstart\auth\java\AnonymousAuthFragment.java,com.google.firebase.quickstart.auth.java.AnonymousAuthFragment$Anonymous5,anonymous,5,5,0,5,2,1,0,11,0,0.0,NaN,NaN,1,0,1,0,0,0,1,0,0,0,0,0,0,0,0,0,0,0,0,15,0,0,0,0,0,3,0,1,0,1,1,0,0,0,15,-1,0
C:\PROJECTS\quickstart-android\auth\app\src\main\java\com\google\firebase\quickstart\auth\java\AnonymousAuthFragment.java,com.google.firebase.quickstart.auth.java.AnonymousAuthFragment$Anonymous1,anonymous,2,2,0,2,1,1,0,1,0,0.0,NaN,NaN,1,0,1,0,0,0,1,0,0,0,0,0,0,0,0,0,0,0,0,5,0,0,0,0,0,0,0,0,0,0,0,0,0,0,7,-1,0
C:\PROJECTS\quickstart-android\auth\app\src\main\java\com\google\firebase\quickstart\auth\java\PhoneAuthFragment.java,com.google.firebase.quickstart.auth.java.PhoneAuthFragment,class,17,24,7,17,36,2,0,45,85,0.8834586,0.33333334,0.46666667,19,0,6,13,0,0,6,0,0,0,14,8,0,14,0,0,8,0,0,230,3,2,6,0,0,3,8,20,0,19,3,6,0,0,83,1,0
C:\PROJECTS\quickstart-android\inappmessaging\app\src\main\java\com\google\firebase\fiamquickstart\java\MainActivity.java,com.google.firebase.fiamquickstart.java.MainActivity$Anonymous1,anonymous,2,2,0,2,1,1,0,4,0,0.0,NaN,NaN,1,0,1,0,0,0,1,0,0,0,0,0,0,0,0,0,0,0,0,6,0,0,0,0,0,3,0,0,0,0,0,0,0,0,7,-1,0
C:\PROJECTS\quickstart-android\auth\app\src\main\java\com\google\firebase\quickstart\auth\java\PasswordlessActivity.java,com.google.firebase.quickstart.auth.java.PasswordlessActivity$Anonymous2,anonymous,5,5,0,5,3,1,0,10,0,0.0,NaN,NaN,1,0,1,0,0,0,1,0,0,0,0,0,0,0,0,0,0,0,0,18,0,0,0,0,0,3,0,1,0,0,2,0,0,0,24,-1,0
C:\PROJECTS\quickstart-android\auth\app\src\main\java\com\google\firebase\quickstart\auth\java\PasswordlessActivity.java,com.google.firebase.quickstart.auth.java.PasswordlessActivity$Anonymous1,anonymous,5,5,0,5,3,1,0,8,0,0.0,NaN,NaN,1,0,1,0,0,0,1,0,0,0,0,0,0,0,0,0,0,0,0,19,0,0,0,0,0,5,0,2,0,1,2,0,0,0,24,-1,0
C:\PROJECTS\quickstart-android\auth\app\src\main\java\com\google\firebase\quickstart\auth\java\PasswordlessActivity.java,com.google.firebase.quickstart.auth.java.PasswordlessActivity,class,12,15,3,12,25,3,0,51,15,0.75,0.2,0.3,14,0,1,9,4,0,5,0,0,0,6,2,0,6,0,0,2,0,0,156,4,0,4,0,0,6,0,10,1,10,2,2,0,0,117,1,0
C:\PROJECTS\quickstart-android\auth\app\src\main\java\com\google\firebase\quickstart\auth\java\GenericIdpFragment.java,com.google.firebase.quickstart.auth.java.GenericIdpFragment$Anonymous3,anonymous,2,2,0,2,1,1,0,2,0,0.0,NaN,NaN,1,0,1,0,0,0,1,0,0,0,0,0,0,0,0,0,0,0,0,6,0,0,0,0,0,0,0,0,0,0,0,0,0,0,8,-1,0
C:\PROJECTS\quickstart-android\auth\app\src\main\java\com\google\firebase\quickstart\auth\java\GenericIdpFragment.java,com.google.firebase.quickstart.auth.java.GenericIdpFragment$Anonymous4,anonymous,2,2,0,2,2,1,0,3,1,0.0,0.0,0.0,2,0,2,0,0,0,2,0,0,0,0,0,0,0,0,0,0,0,0,7,0,0,0,0,0,0,0,0,0,0,0,0,0,0,10,-1,0
C:\PROJECTS\quickstart-android\auth\app\src\main\java\com\google\firebase\quickstart\auth\java\GenericIdpFragment.java,com.google.firebase.quickstart.auth.java.GenericIdpFragment$Anonymous5,anonymous,2,2,0,2,1,1,0,3,0,0.0,NaN,NaN,1,0,1,0,0,0,1,0,0,0,0,0,0,0,0,0,0,0,0,6,0,0,0,0,0,1,0,0,1,0,0,0,0,0,8,-1,0
C:\PROJECTS\quickstart-android\auth\app\src\main\java\com\google\firebase\quickstart\auth\java\GenericIdpFragment.java,com.google.firebase.quickstart.auth.java.GenericIdpFragment$Anonymous6,anonymous,1,1,0,1,1,1,0,1,0,0.0,NaN,NaN,1,0,1,0,0,0,1,0,0,0,0,0,0,0,0,0,0,0,0,5,0,0,0,0,0,1,0,0,0,0,0,0,0,0,4,-1,0
C:\PROJECTS\quickstart-android\auth\app\src\main\java\com\google\firebase\quickstart\auth\java\GenericIdpFragment.java,com.google.firebase.quickstart.auth.java.GenericIdpFragment$Anonymous1,anonymous,0,0,0,0,1,1,0,1,0,0.0,NaN,NaN,0,0,0,0,0,0,1,0,0,0,0,0,0,0,0,0,0,0,0,8,0,0,0,0,0,8,0,0,0,0,0,0,0,0,1,-1,0
C:\PROJECTS\quickstart-android\auth\app\src\main\java\com\google\firebase\quickstart\auth\java\GenericIdpFragment.java,com.google.firebase.quickstart.auth.java.GenericIdpFragment$Anonymous2,anonymous,2,2,0,2,1,1,0,1,0,0.0,NaN,NaN,1,0,1,0,0,0,1,0,0,0,0,0,0,0,0,0,0,0,0,5,0,0,0,0,0,0,0,0,0,0,0,0,0,0,6,-1,0
C:\PROJECTS\quickstart-android\database\app\src\main\java\com\google\firebase\quickstart\database\java\listfragments\RecentPostsFragment.java,com.google.firebase.quickstart.database.java.listfragments.RecentPostsFragment,class,3,4,1,3,2,3,0,2,1,0.0,0.0,0.0,2,0,2,0,0,0,2,0,0,0,0,0,0,0,0,0,0,0,0,8,1,0,0,0,0,1,1,1,0,1,0,0,0,0,11,1,0
C:\PROJECTS\quickstart-android\database\app\src\main\java\com\google\firebase\quickstart\database\java\MainFragment.java,com.google.firebase.quickstart.database.java.MainFragment$Anonymous1,anonymous,5,5,0,5,2,1,0,0,0,0.0,0.0,0.0,2,0,2,0,0,0,2,0,0,0,1,0,0,1,0,0,1,0,0,9,2,0,0,0,0,0,0,1,0,1,0,0,0,0,12,-1,0
C:\PROJECTS\quickstart-android\database\app\src\main\java\com\google\firebase\quickstart\database\java\MainFragment.java,com.google.firebase.quickstart.database.java.MainFragment,class,15,15,0,15,5,2,0,17,4,0.625,0.0,0.0,4,0,4,0,0,0,4,0,0,0,2,0,0,2,0,0,0,0,0,40,3,0,1,0,0,0,0,5,0,7,1,1,0,1,36,1,0
C:\PROJECTS\quickstart-android\database\app\src\main\java\com\google\firebase\quickstart\database\java\SignInFragment.java,com.google.firebase.quickstart.database.java.SignInFragment$Anonymous2,anonymous,4,4,0,4,2,1,0,9,0,0.0,NaN,NaN,1,0,1,0,0,0,1,0,0,0,0,0,0,0,0,0,0,0,0,12,0,0,0,0,0,2,0,0,1,0,1,0,0,0,11,-1,0
C:\PROJECTS\quickstart-android\auth\app\src\main\java\com\google\firebase\quickstart\auth\java\FirebaseUIFragment.java,com.google.firebase.quickstart.auth.java.FirebaseUIFragment$Anonymous2,anonymous,2,2,0,2,1,1,0,1,0,0.0,NaN,NaN,1,0,1,0,0,0,1,0,0,0,0,0,0,0,0,0,0,0,0,5,0,0,0,0,0,0,0,0,0,0,0,0,0,0,6,-1,0
C:\PROJECTS\quickstart-android\auth\app\src\main\java\com\google\firebase\quickstart\auth\java\FirebaseUIFragment.java,com.google.firebase.quickstart.auth.java.FirebaseUIFragment$Anonymous1,anonymous,2,2,0,2,1,1,0,1,0,0.0,NaN,NaN,1,0,1,0,0,0,1,0,0,0,0,0,0,0,0,0,0,0,0,5,0,0,0,0,0,0,0,0,0,0,0,0,0,0,7,-1,0
C:\PROJECTS\quickstart-android\messaging\app\src\main\java\com\google\firebase\quickstart\fcm\java\MyFirebaseMessagingService.java,com.google.firebase.quickstart.fcm.java.MyFirebaseMessagingService,class,12,13,1,12,11,2,0,27,9,0.5,1.0,1.0,6,0,2,4,0,0,2,0,0,0,1,1,0,1,0,0,1,0,0,49,0,0,2,0,0,7,3,10,4,10,2,0,0,0,148,1,0
C:\PROJECTS\quickstart-android\database\app\src\main\java\com\google\firebase\quickstart\database\java\SignInFragment.java,com.google.firebase.quickstart.database.java.SignInFragment$Anonymous1,anonymous,4,4,0,4,2,1,0,9,0,0.0,NaN,NaN,1,0,1,0,0,0,1,0,0,0,0,0,0,0,0,0,0,0,0,12,0,0,0,0,0,2,0,0,1,0,1,0,0,0,11,-1,0
C:\PROJECTS\quickstart-android\auth\app\src\main\java\com\google\firebase\quickstart\auth\java\FirebaseUIFragment.java,com.google.firebase.quickstart.auth.java.FirebaseUIFragment,class,16,19,3,16,10,2,0,27,10,0.6666667,0.33333334,0.33333334,8,0,4,4,0,0,4,0,0,0,3,0,0,3,0,0,1,0,1,64,1,0,2,0,0,1,0,5,0,4,1,2,0,0,59,1,0
C:\PROJECTS\quickstart-android\auth\app\src\main\java\com\google\firebase\quickstart\auth\java\FacebookLoginFragment.java,com.google.firebase.quickstart.auth.java.FacebookLoginFragment$Anonymous1,anonymous,2,2,0,2,1,1,0,1,0,0.0,NaN,NaN,1,0,1,0,0,0,1,0,0,0,0,0,0,0,0,0,0,0,0,5,0,0,0,0,0,0,0,0,0,0,0,0,0,0,6,-1,0
C:\PROJECTS\quickstart-android\auth\app\src\main\java\com\google\firebase\quickstart\auth\java\GenericIdpFragment.java,com.google.firebase.quickstart.auth.java.GenericIdpFragment$Anonymous7,anonymous,2,2,0,2,1,1,0,3,0,0.0,NaN,NaN,1,0,1,0,0,0,1,0,0,0,0,0,0,0,0,0,0,0,0,6,0,0,0,0,0,1,0,0,1,0,0,0,0,0,8,-1,0
C:\PROJECTS\quickstart-android\auth\app\src\main\java\com\google\firebase\quickstart\auth\java\GenericIdpFragment.java,com.google.firebase.quickstart.auth.java.GenericIdpFragment$Anonymous8,anonymous,2,2,0,2,1,1,0,3,0,0.0,NaN,NaN,1,0,1,0,0,0,1,0,0,0,0,0,0,0,0,0,0,0,0,6,0,0,0,0,0,1,0,0,0,0,0,0,0,0,8,-1,0
C:\PROJECTS\quickstart-android\dynamiclinks\app\src\androidTest\java\com\google\firebase\quickstart\deeplinks\MainActivityTest.java,com.google.firebase.quickstart.deeplinks.MainActivityTest,class,8,8,0,8,1,1,0,17,0,0.0,NaN,NaN,1,0,1,0,0,0,1,0,0,0,1,0,1,0,0,0,0,0,0,10,0,0,0,0,0,1,1,4,0,4,0,0,0,0,32,1,0
C:\PROJECTS\quickstart-android\auth\app\src\main\java\com\google\firebase\quickstart\auth\java\EmailPasswordFragment.java,com.google.firebase.quickstart.auth.java.EmailPasswordFragment$Anonymous9,anonymous,3,3,0,3,2,1,0,8,0,0.0,NaN,NaN,1,0,1,0,0,0,1,0,0,0,0,0,0,0,0,0,0,0,0,12,0,0,0,0,0,3,0,0,0,0,1,0,0,0,11,-1,0
C:\PROJECTS\quickstart-android\auth\app\src\main\java\com\google\firebase\quickstart\auth\java\FacebookLoginFragment.java,com.google.firebase.quickstart.auth.java.FacebookLoginFragment$Anonymous3,anonymous,5,5,0,5,2,1,0,10,0,0.0,NaN,NaN,1,0,1,0,0,0,1,0,0,0,0,0,0,0,0,0,0,0,0,15,0,0,0,0,0,3,0,1,0,1,1,0,0,0,15,-1,0
C:\PROJECTS\quickstart-android\auth\app\src\main\java\com\google\firebase\quickstart\auth\java\EmailPasswordFragment.java,com.google.firebase.quickstart.auth.java.EmailPasswordFragment$Anonymous8,anonymous,2,2,0,2,2,1,0,8,0,0.0,NaN,NaN,1,0,1,0,0,0,1,0,0,0,0,0,0,0,0,0,0,0,0,12,0,0,0,0,0,3,0,0,1,0,1,0,0,0,11,-1,0
C:\PROJECTS\quickstart-android\auth\app\src\main\java\com\google\firebase\quickstart\auth\java\FacebookLoginFragment.java,com.google.firebase.quickstart.auth.java.FacebookLoginFragment$Anonymous2,anonymous,3,3,0,3,3,1,0,4,3,0.0,0.0,0.0,3,0,3,0,0,0,3,0,0,0,0,0,0,0,0,0,0,0,0,14,0,0,0,0,0,3,0,0,1,0,0,0,0,0,17,-1,0
C:\PROJECTS\quickstart-android\dynamiclinks\app\src\main\java\com\google\firebase\quickstart\deeplinks\java\MainActivity.java,com.google.firebase.quickstart.deeplinks.java.MainActivity,class,16,21,5,16,7,2,0,37,13,0.8333334,0.16666667,0.16666667,6,0,3,2,1,0,4,0,0,0,2,2,0,2,0,0,2,0,0,95,1,0,0,0,0,7,2,13,0,13,1,6,0,0,109,1,0
C:\PROJECTS\quickstart-android\auth\app\src\main\java\com\google\firebase\quickstart\auth\java\EmailPasswordFragment.java,com.google.firebase.quickstart.auth.java.EmailPasswordFragment$Anonymous7,anonymous,5,5,0,5,3,1,0,12,0,0.0,NaN,NaN,1,0,1,0,0,0,1,0,0,0,0,0,0,0,0,0,0,0,0,19,0,0,0,0,0,3,0,1,0,1,1,0,0,0,20,-1,0
C:\PROJECTS\quickstart-android\auth\app\src\main\java\com\google\firebase\quickstart\auth\java\ChooserFragment.java,com.google.firebase.quickstart.auth.java.ChooserFragment,class,12,12,0,12,3,3,0,8,0,0.6666667,0.33333334,0.33333334,3,0,3,0,0,0,3,0,0,0,4,3,0,4,0,0,3,0,0,48,1,0,0,0,0,10,0,6,0,5,0,1,1,0,79,1,0
C:\PROJECTS\quickstart-android\auth\app\src\main\java\com\google\firebase\quickstart\auth\java\EmailPasswordFragment.java,com.google.firebase.quickstart.auth.java.EmailPasswordFragment$Anonymous6,anonymous,5,5,0,5,2,1,0,10,0,0.0,NaN,NaN,1,0,1,0,0,0,1,0,0,0,0,0,0,0,0,0,0,0,0,15,0,0,0,0,0,3,0,1,0,1,1,0,0,0,15,-1,0
C:\PROJECTS\quickstart-android\database\app\src\main\java\com\google\firebase\quickstart\database\java\MainActivity.java,com.google.firebase.quickstart.database.java.MainActivity$Anonymous1$Anonymous2,anonymous,1,1,0,1,1,1,0,1,0,0.0,NaN,NaN,1,0,1,0,0,0,1,0,0,0,0,0,0,0,0,0,0,0,0,5,0,0,0,0,0,0,0,0,0,0,0,0,0,0,4,-1,0
C:\PROJECTS\quickstart-android\auth\app\src\main\java\com\google\firebase\quickstart\auth\java\EmailPasswordFragment.java,com.google.firebase.quickstart.auth.java.EmailPasswordFragment$Anonymous5,anonymous,2,2,0,2,1,1,0,1,0,0.0,NaN,NaN,1,0,1,0,0,0,1,0,0,0,0,0,0,0,0,0,0,0,0,5,0,0,0,0,0,0,0,0,0,0,0,0,0,0,5,-1,0
C:\PROJECTS\quickstart-android\auth\app\src\main\java\com\google\firebase\quickstart\auth\java\MultiFactorEnrollFragment.java,com.google.firebase.quickstart.auth.java.MultiFactorEnrollFragment$Anonymous1,anonymous,2,2,0,2,1,1,0,1,0,0.0,NaN,NaN,1,0,1,0,0,0,1,0,0,0,0,0,0,0,0,0,0,0,0,5,0,0,0,0,0,0,0,0,0,0,0,0,0,0,7,-1,0
C:\PROJECTS\quickstart-android\auth\app\src\main\java\com\google\firebase\quickstart\auth\java\EmailPasswordFragment.java,com.google.firebase.quickstart.auth.java.EmailPasswordFragment$Anonymous4,anonymous,2,2,0,2,1,1,0,1,0,0.0,NaN,NaN,1,0,1,0,0,0,1,0,0,0,0,0,0,0,0,0,0,0,0,5,0,0,0,0,0,0,0,0,0,0,0,0,0,0,7,-1,0
C:\PROJECTS\quickstart-android\auth\app\src\main\java\com\google\firebase\quickstart\auth\java\MultiFactorEnrollFragment.java,com.google.firebase.quickstart.auth.java.MultiFactorEnrollFragment$Anonymous2,anonymous,2,2,0,2,1,1,0,1,0,0.0,NaN,NaN,1,0,1,0,0,0,1,0,0,0,0,0,0,0,0,0,0,0,0,5,0,0,0,0,0,0,0,0,0,0,0,0,0,0,9,-1,0
C:\PROJECTS\quickstart-android\auth\app\src\main\java\com\google\firebase\quickstart\auth\java\EmailPasswordFragment.java,com.google.firebase.quickstart.auth.java.EmailPasswordFragment$Anonymous3,anonymous,2,2,0,2,1,1,0,1,0,0.0,NaN,NaN,1,0,1,0,0,0,1,0,0,0,0,0,0,0,0,0,0,0,0,5,0,0,0,0,0,0,0,0,0,0,0,0,0,0,6,-1,0
C:\PROJECTS\quickstart-android\auth\app\src\main\java\com\google\firebase\quickstart\auth\java\MultiFactorEnrollFragment.java,com.google.firebase.quickstart.auth.java.MultiFactorEnrollFragment$Anonymous3,anonymous,3,3,0,3,3,1,0,6,3,0.0,0.0,0.0,3,0,3,0,0,0,3,0,0,0,0,0,0,0,0,0,0,0,0,14,0,0,0,0,0,5,0,1,2,0,0,0,0,0,30,-1,0
C:\PROJECTS\quickstart-android\auth\app\src\main\java\com\google\firebase\quickstart\auth\java\EmailPasswordFragment.java,com.google.firebase.quickstart.auth.java.EmailPasswordFragment$Anonymous2,anonymous,2,2,0,2,1,1,0,3,0,0.0,NaN,NaN,1,0,1,0,0,0,1,0,0,0,0,0,0,0,0,0,0,0,0,7,0,0,0,0,0,0,0,2,0,2,0,0,0,0,8,-1,0
C:\PROJECTS\quickstart-android\auth\app\src\main\java\com\google\firebase\quickstart\auth\java\MultiFactorEnrollFragment.java,com.google.firebase.quickstart.auth.java.MultiFactorEnrollFragment$Anonymous4,anonymous,3,3,0,3,2,1,0,16,0,0.0,NaN,NaN,1,0,1,0,0,0,1,0,0,0,0,0,0,0,0,0,0,0,0,11,0,0,0,0,0,1,1,1,1,1,1,0,0,0,15,-1,0
C:\PROJECTS\quickstart-android\auth\app\src\main\java\com\google\firebase\quickstart\auth\java\EmailPasswordFragment.java,com.google.firebase.quickstart.auth.java.EmailPasswordFragment$Anonymous1,anonymous,2,2,0,2,1,1,0,3,0,0.0,NaN,NaN,1,0,1,0,0,0,1,0,0,0,0,0,0,0,0,0,0,0,0,7,0,0,0,0,0,0,0,2,0,2,0,0,0,0,8,-1,0
C:\PROJECTS\quickstart-android\auth\app\src\main\java\com\google\firebase\quickstart\auth\java\MultiFactorEnrollFragment.java,com.google.firebase.quickstart.auth.java.MultiFactorEnrollFragment$Anonymous5,anonymous,0,0,0,0,1,1,0,5,0,0.0,NaN,NaN,1,0,1,0,0,0,1,0,0,0,0,0,0,0,0,0,0,0,0,6,0,0,0,0,0,1,0,0,0,0,0,0,0,0,8,-1,0
C:\PROJECTS\quickstart-android\auth\app\src\main\java\com\google\firebase\quickstart\auth\java\MultiFactorEnrollFragment.java,com.google.firebase.quickstart.auth.java.MultiFactorEnrollFragment$Anonymous6,anonymous,1,1,0,1,1,1,0,4,0,0.0,NaN,NaN,1,0,1,0,0,0,1,0,0,0,0,0,0,0,0,0,0,0,0,6,0,0,0,0,0,2,0,0,1,0,0,0,0,0,8,-1,0
C:\PROJECTS\quickstart-android\firestore\app\src\main\java\com\google\firebase\example\fireeats\java\model\Restaurant.java,com.google.firebase.example.fireeats.java.model.Restaurant,class,1,5,4,1,16,1,0,0,78,0.890625,0.175,0.875,16,0,16,0,0,0,16,0,0,0,12,5,5,7,0,0,5,0,0,67,7,0,0,0,0,5,0,19,0,12,0,0,0,0,36,1,0
C:\PROJECTS\quickstart-android\messaging\app\src\main\java\com\google\firebase\quickstart\fcm\java\MainActivity.java,com.google.firebase.quickstart.fcm.java.MainActivity,class,9,12,3,9,8,2,0,20,1,0.5,NaN,NaN,2,0,0,1,1,0,1,0,0,0,2,1,0,2,0,0,2,0,0,74,0,1,2,0,0,5,0,7,1,8,2,2,0,1,57,1,0
C:\PROJECTS\quickstart-android\firestore\app\src\main\java\com\google\firebase\example\fireeats\java\MainActivity.java,com.google.firebase.example.fireeats.java.MainActivity,class,2,2,0,2,1,2,0,6,0,0.0,NaN,NaN,1,0,0,0,1,0,1,0,0,0,0,0,0,0,0,0,0,0,0,8,0,0,0,0,0,0,0,0,0,0,0,0,0,0,19,1,0
C:\PROJECTS\quickstart-android\perf\app\src\main\java\com\google\firebase\quickstart\perfmon\java\MainActivity.java,com.google.firebase.quickstart.perfmon.java.MainActivity$Anonymous1$Anonymous2,anonymous,3,3,0,3,2,1,0,4,0,0.0,NaN,NaN,1,0,1,0,0,0,1,0,0,0,0,0,0,0,0,0,0,0,0,9,1,0,0,0,0,1,0,0,0,0,1,0,0,0,9,-1,0
C:\PROJECTS\quickstart-android\auth\app\src\main\java\com\google\firebase\quickstart\auth\java\GenericIdpFragment.java,com.google.firebase.quickstart.auth.java.GenericIdpFragment,class,16,22,6,16,10,3,0,37,2,0.675,0.33333334,0.33333334,8,0,4,4,0,0,4,0,0,0,5,2,0,5,0,0,2,0,0,116,2,0,2,0,0,3,1,12,0,11,1,8,0,0,69,1,0
C:\PROJECTS\quickstart-android\auth\app\src\main\java\com\google\firebase\quickstart\auth\java\ChooserFragment.java,com.google.firebase.quickstart.auth.java.ChooserFragment$Anonymous1,anonymous,2,2,0,2,1,1,0,2,0,0.0,NaN,NaN,1,0,1,0,0,0,1,0,0,0,0,0,0,0,0,0,0,0,0,6,0,0,0,0,0,0,0,1,0,1,0,0,0,0,6,-1,0
C:\PROJECTS\quickstart-android\appdistribution\app\src\main\java\com\google\firebase\appdistributionquickstart\java\MainActivity.java,com.google.firebase.appdistributionquickstart.java.MainActivity,class,5,6,1,5,3,2,0,10,0,0.5,1.0,1.0,2,0,1,0,1,0,2,0,0,0,2,1,0,2,0,0,1,0,0,20,0,0,0,0,0,1,0,3,0,5,2,0,0,2,29,1,0
C:\PROJECTS\quickstart-android\firestore\app\src\main\java\com\google\firebase\example\fireeats\java\adapter\FirestoreAdapter.java,com.google.firebase.example.fireeats.java.adapter.FirestoreAdapter,class,9,16,7,9,21,1,0,26,14,0.7083333,0.3939394,0.56060606,12,0,6,0,6,0,12,0,0,0,4,1,0,4,0,0,1,0,0,81,3,1,5,0,0,4,0,6,1,4,2,0,0,0,69,1025,0
C:\PROJECTS\quickstart-android\messaging\app\src\androidTest\java\com\google\firebase\quickstart\fcm\MainActivityEspressoTest.java,com.google.firebase.quickstart.fcm.MainActivityEspressoTest,class,9,10,1,9,2,1,0,20,0,0.0,NaN,NaN,2,0,1,1,0,0,1,0,0,0,1,0,1,0,0,0,0,0,1,15,0,0,0,0,0,1,1,2,0,2,0,0,0,0,33,1,0
C:\PROJECTS\quickstart-android\firestore\app\src\main\java\com\google\firebase\example\fireeats\java\viewmodel\MainActivityViewModel.java,com.google.firebase.example.fireeats.java.viewmodel.MainActivityViewModel,class,2,3,1,2,5,2,0,1,0,0.4,0.6,1.0,5,0,5,0,0,0,5,0,0,0,2,0,0,2,0,0,0,0,1,20,2,0,0,0,0,0,0,4,0,2,0,0,0,0,12,1,0
C:\PROJECTS\quickstart-android\admob\app\src\main\java\com\google\samples\quickstart\admobexample\java\SecondFragment.java,com.google.samples.quickstart.admobexample.java.SecondFragment,class,5,5,0,5,1,2,0,1,0,0.0,NaN,NaN,1,0,1,0,0,0,1,0,0,0,0,0,0,0,0,0,0,0,0,5,1,0,0,0,0,0,0,0,0,0,0,0,0,0,12,0,0
C:\PROJECTS\quickstart-android\functions\app\src\main\java\com\google\samples\quickstart\functions\java\FunctionsMessagingService.java,com.google.samples.quickstart.functions.java.FunctionsMessagingService,class,8,9,1,8,5,2,0,14,3,0.6666667,0.0,0.0,3,0,2,1,0,0,2,0,0,0,1,1,0,1,0,0,1,0,0,23,0,0,0,0,0,8,2,6,1,6,1,0,0,0,24,1,0
C:\PROJECTS\quickstart-android\database\app\src\main\java\com\google\firebase\quickstart\database\java\MainActivity.java,com.google.firebase.quickstart.database.java.MainActivity$Anonymous1,anonymous,6,6,0,6,2,1,0,3,0,0.0,NaN,NaN,1,0,1,0,0,0,1,0,0,0,0,0,0,0,0,0,0,0,0,16,0,0,1,0,0,0,0,0,0,0,1,1,0,0,7,-1,0
C:\PROJECTS\quickstart-android\functions\app\src\main\java\com\google\samples\quickstart\functions\java\MainActivity.java,com.google.samples.quickstart.functions.java.MainActivity,class,18,23,5,18,23,2,0,47,54,0.8333334,0.0,0.0,12,0,1,10,1,0,2,0,0,0,4,1,0,4,0,0,2,0,3,158,5,0,4,1,0,15,1,14,0,15,1,4,0,1,113,1,0
C:\PROJECTS\quickstart-android\auth\app\src\main\java\com\google\firebase\quickstart\auth\java\MultiFactorFragment.java,com.google.firebase.quickstart.auth.java.MultiFactorFragment,class,15,20,5,15,16,3,0,42,0,0.6944444,0.33333334,0.33333334,9,0,4,5,0,0,4,0,0,0,4,2,1,3,0,0,2,0,0,144,1,1,2,0,1,9,0,12,3,11,3,8,0,0,86,1,0
C:\PROJECTS\quickstart-android\database\app\src\main\java\com\google\firebase\quickstart\database\java\models\User.java,com.google.firebase.quickstart.database.java.models.User,class,1,4,3,1,2,1,0,0,1,0.5,0.0,0.0,2,0,2,0,0,0,2,0,0,0,2,0,2,0,0,0,0,0,0,10,0,0,0,0,0,0,0,2,0,2,0,0,0,0,3,1,0
C:\PROJECTS\quickstart-android\functions\app\src\main\java\com\google\samples\quickstart\functions\java\MainActivity.java,com.google.samples.quickstart.functions.java.MainActivity$Anonymous4,anonymous,4,4,0,4,3,1,0,8,0,0.0,NaN,NaN,1,0,1,0,0,0,1,0,0,0,0,0,0,0,0,0,0,0,0,17,1,0,0,0,0,2,0,5,0,5,2,0,0,0,15,-1,0
C:\PROJECTS\quickstart-android\database\app\src\main\java\com\google\firebase\quickstart\database\java\listfragments\PostListFragment.java,com.google.firebase.quickstart.database.java.listfragments.PostListFragment$Anonymous1$Anonymous2,anonymous,3,3,0,3,1,1,0,4,0,0.0,NaN,NaN,1,0,1,0,0,0,1,0,0,0,0,0,0,0,0,0,0,0,0,8,0,0,0,0,0,0,0,2,0,2,0,0,0,0,11,-1,0
C:\PROJECTS\quickstart-android\functions\app\src\main\java\com\google\samples\quickstart\functions\java\MainActivity.java,com.google.samples.quickstart.functions.java.MainActivity$Anonymous2,anonymous,2,2,0,2,1,1,0,2,0,0.0,NaN,NaN,1,0,1,0,0,0,1,0,0,0,0,0,0,0,0,0,0,0,0,6,1,0,0,0,0,0,0,1,0,1,0,0,0,0,4,-1,0
C:\PROJECTS\quickstart-android\functions\app\src\main\java\com\google\samples\quickstart\functions\java\MainActivity.java,com.google.samples.quickstart.functions.java.MainActivity$Anonymous3,anonymous,4,4,0,4,3,1,0,9,0,0.0,NaN,NaN,1,0,1,0,0,0,1,0,0,0,0,0,0,0,0,0,0,0,1,17,1,0,0,0,0,2,0,5,0,5,2,0,0,0,16,-1,0
C:\PROJECTS\quickstart-android\auth\app\src\main\java\com\google\firebase\quickstart\auth\java\MultiFactorSignInFragment.java,com.google.firebase.quickstart.auth.java.MultiFactorSignInFragment$Anonymous6,anonymous,1,1,0,1,1,1,0,4,0,0.0,NaN,NaN,1,0,1,0,0,0,1,0,0,0,0,0,0,0,0,0,0,0,0,5,0,0,0,0,0,1,0,0,1,0,0,0,0,0,6,-1,0
C:\PROJECTS\quickstart-android\auth\app\src\main\java\com\google\firebase\quickstart\auth\java\MultiFactorSignInFragment.java,com.google.firebase.quickstart.auth.java.MultiFactorSignInFragment$Anonymous5,anonymous,1,1,0,1,1,1,0,2,0,0.0,NaN,NaN,1,0,1,0,0,0,1,0,0,0,0,0,0,0,0,0,0,0,0,5,0,0,0,0,0,0,0,0,0,0,0,0,0,0,5,-1,0
C:\PROJECTS\quickstart-android\database\app\src\main\java\com\google\firebase\quickstart\database\java\listfragments\PostListFragment.java,com.google.firebase.quickstart.database.java.listfragments.PostListFragment$Anonymous1$Anonymous3,anonymous,3,3,0,3,1,1,0,3,0,0.0,NaN,NaN,1,0,1,0,0,0,1,0,0,0,0,0,0,0,0,0,0,0,0,8,0,0,0,0,0,2,0,2,0,2,0,0,0,0,12,-1,0
C:\PROJECTS\quickstart-android\functions\app\src\main\java\com\google\samples\quickstart\functions\java\MainActivity.java,com.google.samples.quickstart.functions.java.MainActivity$Anonymous1,anonymous,2,2,0,2,1,1,0,3,0,0.0,NaN,NaN,1,0,1,0,0,0,1,0,0,0,0,0,0,0,0,0,0,0,0,6,1,0,0,0,0,1,0,1,0,1,0,0,0,0,5,-1,0
C:\PROJECTS\quickstart-android\auth\app\src\main\java\com\google\firebase\quickstart\auth\java\MultiFactorSignInFragment.java,com.google.firebase.quickstart.auth.java.MultiFactorSignInFragment$Anonymous4,anonymous,4,4,0,4,3,1,0,6,3,0.0,0.0,0.0,3,0,3,0,0,0,3,0,0,0,0,0,0,0,0,0,0,0,0,14,0,0,0,0,0,2,0,2,1,0,0,0,0,0,20,-1,0
C:\PROJECTS\quickstart-android\auth\app\src\main\java\com\google\firebase\quickstart\auth\java\MultiFactorSignInFragment.java,com.google.firebase.quickstart.auth.java.MultiFactorSignInFragment$Anonymous3,anonymous,1,1,0,1,1,1,0,0,0,0.0,NaN,NaN,1,0,1,0,0,0,1,0,0,0,0,0,0,0,0,0,0,0,0,4,0,0,0,0,0,0,0,0,0,0,0,0,0,0,4,-1,0
C:\PROJECTS\quickstart-android\admob\app\src\main\java\com\google\samples\quickstart\admobexample\java\FirstFragment.java,com.google.samples.quickstart.admobexample.java.FirstFragment,class,15,18,3,15,15,2,0,23,4,0.7592592,0.6666667,0.6666667,9,0,6,3,0,0,6,0,0,0,6,2,0,6,0,0,2,0,0,91,2,0,5,0,0,3,0,6,0,7,1,2,0,0,66,0,0
C:\PROJECTS\quickstart-android\auth\app\src\main\java\com\google\firebase\quickstart\auth\java\MultiFactorSignInFragment.java,com.google.firebase.quickstart.auth.java.MultiFactorSignInFragment$Anonymous2,anonymous,2,2,0,2,1,1,0,11,0,0.0,NaN,NaN,1,0,1,0,0,0,1,0,0,0,0,0,0,0,0,0,0,0,0,5,0,0,0,0,0,0,1,0,0,0,0,0,0,0,12,-1,0
C:\PROJECTS\quickstart-android\auth\app\src\main\java\com\google\firebase\quickstart\auth\java\MultiFactorSignInFragment.java,com.google.firebase.quickstart.auth.java.MultiFactorSignInFragment$Anonymous1,anonymous,2,2,0,2,1,1,0,1,0,0.0,NaN,NaN,1,0,1,0,0,0,1,0,0,0,0,0,0,0,0,0,0,0,0,5,0,0,0,0,0,0,0,0,0,0,0,0,0,0,7,-1,0
C:\PROJECTS\quickstart-android\database\app\src\main\java\com\google\firebase\quickstart\database\java\viewholder\CommentViewHolder.java,com.google.firebase.quickstart.database.java.viewholder.CommentViewHolder,class,3,4,1,3,1,2,0,1,0,0.0,NaN,NaN,1,0,1,0,0,0,1,0,0,0,2,0,2,0,0,0,0,0,0,9,0,0,0,0,0,0,0,2,0,2,0,0,0,0,7,1,0
C:\PROJECTS\quickstart-android\storage\app\src\androidTest\java\com\google\firebase\quickstart\firebasestorage\ServiceIdlingResource.java,com.google.firebase.quickstart.firebasestorage.ServiceIdlingResource,class,5,7,2,5,9,1,0,8,2,0.53333336,0.33333334,0.33333334,5,0,4,1,0,0,4,0,0,0,3,0,0,3,0,0,2,0,0,31,4,1,1,0,0,2,0,5,1,5,2,0,0,0,32,1,0
C:\PROJECTS\quickstart-android\auth\app\src\main\java\com\google\firebase\quickstart\auth\java\BaseActivity.java,com.google.firebase.quickstart.auth.java.BaseActivity,class,6,10,4,6,8,2,1,6,4,0.4,0.3,0.3,5,0,5,0,0,0,5,0,0,0,1,0,1,0,0,0,0,0,0,26,0,0,3,0,0,0,1,2,0,2,1,0,0,0,24,1,0
C:\PROJECTS\quickstart-android\functions\app\src\androidTest\java\com\google\samples\quickstart\functions\MainActivityTest.java,com.google.samples.quickstart.functions.MainActivityTest,class,7,7,0,7,2,1,0,1,0,1.0,NaN,NaN,1,0,1,0,0,0,1,0,0,0,1,0,1,0,0,0,0,0,0,6,0,0,1,0,0,0,3,1,1,1,0,0,0,0,8,1,0
C:\PROJECTS\quickstart-android\auth\app\src\main\java\com\google\firebase\quickstart\auth\java\PhoneAuthFragment.java,com.google.firebase.quickstart.auth.java.PhoneAuthFragment$Anonymous4,anonymous,2,2,0,2,1,1,0,1,0,0.0,NaN,NaN,1,0,1,0,0,0,1,0,0,0,0,0,0,0,0,0,0,0,0,5,0,0,0,0,0,0,0,0,0,0,0,0,0,0,6,-1,0
C:\PROJECTS\quickstart-android\auth\app\src\main\java\com\google\firebase\quickstart\auth\java\PhoneAuthFragment.java,com.google.firebase.quickstart.auth.java.PhoneAuthFragment$Anonymous3,anonymous,2,2,0,2,2,1,0,4,0,0.0,NaN,NaN,1,0,1,0,0,0,1,0,0,0,0,0,0,0,0,0,0,0,0,8,1,0,0,0,0,0,0,0,0,0,1,0,0,0,10,-1,0
C:\PROJECTS\quickstart-android\auth\app\src\main\java\com\google\firebase\quickstart\auth\java\PhoneAuthFragment.java,com.google.firebase.quickstart.auth.java.PhoneAuthFragment$Anonymous6,anonymous,5,5,0,5,3,1,0,9,0,0.0,NaN,NaN,1,0,1,0,0,0,1,0,0,0,0,0,0,0,0,0,0,0,0,16,0,0,0,0,0,3,0,1,0,1,2,0,0,0,23,-1,0
C:\PROJECTS\quickstart-android\admob\app\src\main\java\com\google\samples\quickstart\admobexample\java\FirstFragment.java,com.google.samples.quickstart.admobexample.java.FirstFragment$Anonymous2$Anonymous3,anonymous,1,1,0,1,1,1,0,3,0,0.0,NaN,NaN,1,0,1,0,0,0,1,0,0,0,0,0,0,0,0,0,0,0,0,7,0,0,0,0,0,0,0,0,0,0,0,0,0,0,12,-1,0
C:\PROJECTS\quickstart-android\auth\app\src\main\java\com\google\firebase\quickstart\auth\java\PhoneAuthFragment.java,com.google.firebase.quickstart.auth.java.PhoneAuthFragment$Anonymous5,anonymous,7,7,0,7,5,1,0,8,3,0.0,0.0,0.0,3,0,3,0,0,0,3,0,0,0,0,0,0,0,0,0,0,0,0,25,0,0,0,0,0,5,0,4,2,0,1,0,0,0,47,-1,0
C:\PROJECTS\quickstart-android\storage\app\src\main\java\com\google\firebase\quickstart\firebasestorage\java\MyBaseTaskService.java,com.google.firebase.quickstart.firebasestorage.java.MyBaseTaskService,class,7,16,9,7,12,2,2,18,13,0.7714286,0.2,0.3,7,0,2,2,3,0,5,0,0,1,5,4,0,3,0,2,4,0,0,51,0,0,0,0,1,6,11,18,3,16,1,0,0,0,85,1025,0
C:\PROJECTS\quickstart-android\auth\app\src\main\java\com\google\firebase\quickstart\auth\java\PhoneAuthFragment.java,com.google.firebase.quickstart.auth.java.PhoneAuthFragment$Anonymous2,anonymous,2,2,0,2,2,1,0,5,0,0.0,NaN,NaN,1,0,1,0,0,0,1,0,0,0,0,0,0,0,0,0,0,0,0,10,1,0,0,0,0,1,0,1,0,1,1,0,0,0,11,-1,0
C:\PROJECTS\quickstart-android\auth\app\src\main\java\com\google\firebase\quickstart\auth\java\PhoneAuthFragment.java,com.google.firebase.quickstart.auth.java.PhoneAuthFragment$Anonymous1,anonymous,2,2,0,2,2,1,0,4,0,0.0,NaN,NaN,1,0,1,0,0,0,1,0,0,0,0,0,0,0,0,0,0,0,0,8,1,0,0,0,0,0,0,0,0,0,1,0,0,0,9,-1,0
