file,class,type,cbo,cboModified,fanin,fanout,wmc,dit,noc,rfc,lcom,lcom*,tcc,lcc,totalMethodsQty,staticMethodsQty,publicMethodsQty,privateMethodsQty,protectedMethodsQty,defaultMethodsQty,visibleMethodsQty,abstractMethodsQty,finalMethodsQty,synchronizedMethodsQty,totalFieldsQty,staticFieldsQty,publicFieldsQty,privateFieldsQty,protectedFieldsQty,defaultFieldsQty,finalFieldsQty,synchronizedFieldsQty,nosi,loc,returnQty,loopQty,comparisonsQty,tryCatchQty,parenthesizedExpsQty,stringLiteralsQty,numbersQty,assignmentsQty,mathOperationsQty,variablesQty,maxNestedBlocksQty,anonymousClassesQty,innerClassesQty,lambdasQty,uniqueWordsQty,modifiers,logStatementsQty
C:\PROJECTS\MagicIndicator-main\MagicIndicator-main\magicindicator\src\main\java\net\lucode\hackware\magicindicator\buildins\commonnavigator\abs\IMeasurablePagerTitleView.java,net.lucode.hackware.magicindicator.buildins.commonnavigator.abs.IMeasurablePagerTitleView,interface,1,6,5,1,4,1,0,0,6,0.0,0.0,0.0,4,0,0,0,0,4,4,0,0,0,0,0,0,0,0,0,0,0,0,6,0,0,0,0,0,0,0,0,0,0,0,0,0,0,15,1,0
C:\PROJECTS\MagicIndicator-main\MagicIndicator-main\magicindicator\src\main\java\net\lucode\hackware\magicindicator\FragmentContainerHelper.java,net.lucode.hackware.magicindicator.FragmentContainerHelper$Anonymous1,anonymous,2,2,0,2,1,1,0,1,0,0.0,NaN,NaN,1,0,1,0,0,0,1,0,0,0,0,0,0,0,0,0,0,0,0,6,0,0,0,0,0,0,0,1,0,0,0,0,0,0,12,-1,0
C:\PROJECTS\MagicIndicator-main\MagicIndicator-main\app\src\main\java\net\lucode\hackware\magicindicatordemo\ext\titles\ColorFlipPagerTitleView.java,net.lucode.hackware.magicindicatordemo.ext.titles.ColorFlipPagerTitleView,class,2,3,1,2,9,3,0,1,9,0.42857143,0.2857143,0.2857143,7,0,7,0,0,0,7,0,0,0,1,0,0,1,0,0,0,0,0,32,1,0,0,0,0,0,1,2,0,1,1,0,0,0,31,1,0
C:\PROJECTS\MagicIndicator-main\MagicIndicator-main\magicindicator\src\main\java\net\lucode\hackware\magicindicator\FragmentContainerHelper.java,net.lucode.hackware.magicindicator.FragmentContainerHelper$Anonymous2,anonymous,2,2,0,2,2,1,0,2,0,0.0,NaN,NaN,1,0,1,0,0,0,1,0,0,0,0,0,0,0,0,0,0,0,0,12,0,0,0,0,0,0,4,5,3,3,1,0,0,0,13,-1,0
C:\PROJECTS\MagicIndicator-main\MagicIndicator-main\app\src\main\java\net\lucode\hackware\magicindicatordemo\example\ScrollableTabExampleActivity.java,net.lucode.hackware.magicindicatordemo.example.ScrollableTabExampleActivity$Anonymous17$Anonymous18,anonymous,1,1,0,1,1,1,0,1,0,0.0,NaN,NaN,1,0,1,0,0,0,1,0,0,0,0,0,0,0,0,0,0,0,0,5,0,0,0,0,0,0,0,0,0,0,0,0,0,0,5,-1,0
C:\PROJECTS\MagicIndicator-main\MagicIndicator-main\app\src\main\java\net\lucode\hackware\magicindicatordemo\example\LoadCustomLayoutExampleActivity.java,net.lucode.hackware.magicindicatordemo.example.LoadCustomLayoutExampleActivity$Anonymous1$Anonymous3,anonymous,1,1,0,1,1,1,0,1,0,0.0,NaN,NaN,1,0,1,0,0,0,1,0,0,0,0,0,0,0,0,0,0,0,0,5,0,0,0,0,0,0,0,0,0,0,0,0,0,0,5,-1,0
C:\PROJECTS\MagicIndicator-main\MagicIndicator-main\app\src\main\java\net\lucode\hackware\magicindicatordemo\example\LoadCustomLayoutExampleActivity.java,net.lucode.hackware.magicindicatordemo.example.LoadCustomLayoutExampleActivity$Anonymous1$Anonymous2,anonymous,0,0,0,0,4,1,0,3,6,0.0,0.0,0.0,4,0,4,0,0,0,4,0,0,0,0,0,0,0,0,0,0,0,0,16,0,0,0,0,4,0,12,0,12,0,0,0,0,0,13,-1,0
C:\PROJECTS\MagicIndicator-main\MagicIndicator-main\app\src\main\java\net\lucode\hackware\magicindicatordemo\example\ScrollableTabExampleActivity.java,net.lucode.hackware.magicindicatordemo.example.ScrollableTabExampleActivity$Anonymous15$Anonymous16,anonymous,1,1,0,1,1,1,0,1,0,0.0,NaN,NaN,1,0,1,0,0,0,1,0,0,0,0,0,0,0,0,0,0,0,0,5,0,0,0,0,0,0,0,0,0,0,0,0,0,0,5,-1,0
C:\PROJECTS\MagicIndicator-main\MagicIndicator-main\app\src\main\java\net\lucode\hackware\magicindicatordemo\example\BadgeTabExampleActivity.java,net.lucode.hackware.magicindicatordemo.example.BadgeTabExampleActivity$Anonymous7$Anonymous8,anonymous,1,1,0,1,1,1,0,1,0,0.0,NaN,NaN,1,0,1,0,0,0,1,0,0,0,0,0,0,0,0,0,0,0,0,5,0,0,0,0,0,0,0,0,0,0,0,0,0,0,5,-1,0
C:\PROJECTS\MagicIndicator-main\MagicIndicator-main\magicindicator\src\main\java\net\lucode\hackware\magicindicator\buildins\commonnavigator\titles\CommonPagerTitleView.java,net.lucode.hackware.magicindicator.buildins.commonnavigator.titles.CommonPagerTitleView$OnPagerTitleChangeListener,interface,0,0,0,0,4,1,0,0,6,0.0,0.0,0.0,4,0,0,0,0,4,4,0,0,0,0,0,0,0,0,0,0,0,0,6,0,0,0,0,0,0,0,0,0,0,0,0,0,0,15,1,0
C:\PROJECTS\MagicIndicator-main\MagicIndicator-main\app\src\main\java\net\lucode\hackware\magicindicatordemo\ext\navigator\ScaleCircleNavigator.java,net.lucode.hackware.magicindicatordemo.ext.navigator.ScaleCircleNavigator$OnCircleClickListener,interface,0,0,0,0,1,1,0,0,0,0.0,NaN,NaN,1,0,0,0,0,1,1,0,0,0,0,0,0,0,0,0,0,0,0,3,0,0,0,0,0,0,0,0,0,0,0,0,0,0,6,1,0
C:\PROJECTS\MagicIndicator-main\MagicIndicator-main\app\src\main\java\net\lucode\hackware\magicindicatordemo\example\BadgeTabExampleActivity.java,net.lucode.hackware.magicindicatordemo.example.BadgeTabExampleActivity$Anonymous1$Anonymous2,anonymous,2,2,0,2,1,1,0,2,0,0.0,NaN,NaN,1,0,1,0,0,0,1,0,0,0,0,0,0,0,0,0,0,0,0,6,0,0,0,0,0,0,0,0,0,0,0,0,0,0,6,-1,0
C:\PROJECTS\MagicIndicator-main\MagicIndicator-main\app\src\main\java\net\lucode\hackware\magicindicatordemo\example\ScrollableTabExampleActivity.java,net.lucode.hackware.magicindicatordemo.example.ScrollableTabExampleActivity,class,10,12,2,10,10,2,0,24,0,0.725,NaN,NaN,10,0,0,9,1,0,1,0,0,0,4,1,0,4,0,0,1,0,11,323,0,0,0,0,0,15,6,23,1,23,0,9,0,0,49,1,0
C:\PROJECTS\MagicIndicator-main\MagicIndicator-main\magicindicator\src\main\java\net\lucode\hackware\magicindicator\buildins\commonnavigator\titles\badge\BadgeRule.java,net.lucode.hackware.magicindicator.buildins.commonnavigator.titles.badge.BadgeRule,class,1,4,3,1,5,1,0,0,0,0.4,0.6,1.0,5,0,5,0,0,0,5,0,0,0,2,0,0,2,0,0,0,0,0,20,2,0,0,0,0,0,0,4,0,2,0,0,0,0,13,1,0
C:\PROJECTS\MagicIndicator-main\MagicIndicator-main\magicindicator\src\main\java\net\lucode\hackware\magicindicator\buildins\commonnavigator\indicators\TestPagerIndicator.java,net.lucode.hackware.magicindicator.buildins.commonnavigator.indicators.TestPagerIndicator,class,9,10,1,9,13,2,0,7,29,0.75757575,0.15555556,0.24444444,11,0,9,1,1,0,10,0,0,0,6,0,0,6,0,0,0,0,2,59,3,0,1,0,8,0,1,18,25,8,1,0,0,0,45,1,0
C:\PROJECTS\MagicIndicator-main\MagicIndicator-main\magicindicator\src\main\java\net\lucode\hackware\magicindicator\NavigatorHelper.java,net.lucode.hackware.magicindicator.NavigatorHelper$OnNavigatorScrollListener,interface,0,0,0,0,4,1,0,0,6,0.0,0.0,0.0,4,0,0,0,0,4,4,0,0,0,0,0,0,0,0,0,0,0,0,6,0,0,0,0,0,0,0,0,0,0,0,0,0,0,14,1,0
C:\PROJECTS\MagicIndicator-main\MagicIndicator-main\app\src\main\java\net\lucode\hackware\magicindicatordemo\example\FixedTabExampleActivity.java,net.lucode.hackware.magicindicatordemo.example.FixedTabExampleActivity$Anonymous1$Anonymous2,anonymous,1,1,0,1,1,1,0,1,0,0.0,NaN,NaN,1,0,1,0,0,0,1,0,0,0,0,0,0,0,0,0,0,0,0,5,0,0,0,0,0,0,0,0,0,0,0,0,0,0,5,-1,0
C:\PROJECTS\MagicIndicator-main\MagicIndicator-main\magicindicator\src\main\java\net\lucode\hackware\magicindicator\buildins\commonnavigator\abs\IPagerTitleView.java,net.lucode.hackware.magicindicator.buildins.commonnavigator.abs.IPagerTitleView,interface,0,27,27,0,4,1,0,0,6,0.0,0.0,0.0,4,0,0,0,0,4,4,0,0,0,0,0,0,0,0,0,0,0,0,6,0,0,0,0,0,0,0,0,0,0,0,0,0,0,20,1,0
C:\PROJECTS\MagicIndicator-main\MagicIndicator-main\app\src\main\java\net\lucode\hackware\magicindicatordemo\ext\navigator\ScaleCircleNavigator.java,net.lucode.hackware.magicindicatordemo.ext.navigator.ScaleCircleNavigator,class,16,18,2,16,54,2,0,39,267,0.8823529,0.12307692,0.31076923,30,0,23,4,3,0,26,0,0,0,17,0,0,17,0,0,0,0,8,224,4,3,2,0,6,0,19,58,30,41,5,0,1,0,117,1,0
C:\PROJECTS\MagicIndicator-main\MagicIndicator-main\app\src\main\java\net\lucode\hackware\magicindicatordemo\example\FixedTabExampleActivity.java,net.lucode.hackware.magicindicatordemo.example.FixedTabExampleActivity$Anonymous7$Anonymous8,anonymous,1,1,0,1,1,1,0,1,0,0.0,NaN,NaN,1,0,1,0,0,0,1,0,0,0,0,0,0,0,0,0,0,0,0,5,0,0,0,0,0,0,0,0,0,0,0,0,0,0,5,-1,0
C:\PROJECTS\MagicIndicator-main\MagicIndicator-main\app\src\main\java\net\lucode\hackware\magicindicatordemo\example\LoadCustomLayoutExampleActivity.java,net.lucode.hackware.magicindicatordemo.example.LoadCustomLayoutExampleActivity,class,9,11,2,9,2,2,0,11,0,0.625,NaN,NaN,2,0,0,1,1,0,1,0,0,0,4,1,0,4,0,0,1,0,2,63,0,0,0,0,0,4,0,6,0,6,0,1,0,0,40,1,0
C:\PROJECTS\MagicIndicator-main\MagicIndicator-main\magicindicator\src\main\java\net\lucode\hackware\magicindicator\buildins\circlenavigator\CircleNavigator.java,net.lucode.hackware.magicindicator.buildins.circlenavigator.CircleNavigator,class,12,14,2,12,58,2,0,35,425,0.8928572,0.06403941,0.15270936,35,0,26,6,3,0,29,0,0,0,16,0,0,16,0,0,0,0,8,233,14,3,2,0,5,0,26,57,31,41,5,0,1,0,109,1,0
C:\PROJECTS\MagicIndicator-main\MagicIndicator-main\app\src\main\java\net\lucode\hackware\magicindicatordemo\example\DynamicTabExampleActivity.java,net.lucode.hackware.magicindicatordemo.example.DynamicTabExampleActivity,class,10,11,1,10,3,2,0,20,0,0.2857143,1.0,1.0,2,0,1,0,1,0,2,0,0,0,7,1,0,7,0,0,1,0,2,55,0,1,0,0,0,15,1,9,1,9,1,1,0,0,42,1,0
C:\PROJECTS\MagicIndicator-main\MagicIndicator-main\app\src\main\java\net\lucode\hackware\magicindicatordemo\example\ScrollableTabExampleActivity.java,net.lucode.hackware.magicindicatordemo.example.ScrollableTabExampleActivity$Anonymous3$Anonymous4,anonymous,1,1,0,1,1,1,0,1,0,0.0,NaN,NaN,1,0,1,0,0,0,1,0,0,0,0,0,0,0,0,0,0,0,0,5,0,0,0,0,0,0,0,0,0,0,0,0,0,0,5,-1,0
C:\PROJECTS\MagicIndicator-main\MagicIndicator-main\magicindicator\src\main\java\net\lucode\hackware\magicindicator\buildins\commonnavigator\indicators\WrapPagerIndicator.java,net.lucode.hackware.magicindicator.buildins.commonnavigator.indicators.WrapPagerIndicator,class,12,14,2,12,25,2,0,10,130,0.85,0.13450292,0.7017544,20,0,18,1,1,0,19,0,0,0,10,0,0,10,0,0,0,0,4,94,8,0,3,0,2,0,4,23,11,12,1,0,0,0,59,1,0
C:\PROJECTS\MagicIndicator-main\MagicIndicator-main\app\src\main\java\net\lucode\hackware\magicindicatordemo\example\BadgeTabExampleActivity.java,net.lucode.hackware.magicindicatordemo.example.BadgeTabExampleActivity$Anonymous3$Anonymous4,anonymous,1,1,0,1,1,1,0,1,0,0.0,NaN,NaN,1,0,1,0,0,0,1,0,0,0,0,0,0,0,0,0,0,0,0,5,0,0,0,0,0,0,0,0,0,0,0,0,0,0,5,-1,0
C:\PROJECTS\MagicIndicator-main\MagicIndicator-main\app\src\main\java\net\lucode\hackware\magicindicatordemo\example\ExamplePagerAdapter.java,net.lucode.hackware.magicindicatordemo.example.ExamplePagerAdapter,class,4,11,7,4,10,2,0,12,1,0.2857143,0.47619048,0.47619048,7,0,7,0,0,0,7,0,0,0,1,0,0,1,0,0,0,0,0,36,6,0,2,0,0,0,3,5,0,5,1,0,0,0,41,1,0
C:\PROJECTS\MagicIndicator-main\MagicIndicator-main\app\src\main\java\net\lucode\hackware\magicindicatordemo\example\TestFragment.java,net.lucode.hackware.magicindicatordemo.example.TestFragment,class,7,8,1,7,3,2,0,5,1,0.5,0.0,0.0,2,0,2,0,0,0,2,0,0,0,1,1,1,0,0,0,1,0,0,13,1,0,1,0,0,1,0,3,0,3,1,0,0,0,27,1,0
C:\PROJECTS\MagicIndicator-main\MagicIndicator-main\app\src\main\java\net\lucode\hackware\magicindicatordemo\ext\indicators\DotPagerIndicator.java,net.lucode.hackware.magicindicatordemo.ext.indicators.DotPagerIndicator,class,7,7,0,7,14,2,0,9,30,0.7638889,0.27272728,0.6818182,12,0,11,0,1,0,12,0,0,0,6,0,0,6,0,0,0,0,2,55,4,0,1,0,0,0,3,10,3,7,1,0,0,0,44,1,0
C:\PROJECTS\MagicIndicator-main\MagicIndicator-main\app\src\main\java\net\lucode\hackware\magicindicatordemo\example\BadgeTabExampleActivity.java,net.lucode.hackware.magicindicatordemo.example.BadgeTabExampleActivity$Anonymous5,anonymous,8,8,0,8,4,1,0,15,3,0.0,0.0,0.0,3,0,3,0,0,0,3,0,0,0,0,0,0,0,0,0,0,0,1,31,3,0,1,0,0,2,4,6,3,6,0,1,0,0,25,-1,0
C:\PROJECTS\MagicIndicator-main\MagicIndicator-main\app\src\main\java\net\lucode\hackware\magicindicatordemo\example\BadgeTabExampleActivity.java,net.lucode.hackware.magicindicatordemo.example.BadgeTabExampleActivity$Anonymous7,anonymous,8,8,0,8,3,1,0,8,3,0.0,0.0,0.0,3,0,3,0,0,0,3,0,0,0,0,0,0,0,0,0,0,0,0,25,3,0,0,0,0,0,0,3,0,3,0,1,0,0,18,-1,0
C:\PROJECTS\MagicIndicator-main\MagicIndicator-main\app\src\main\java\net\lucode\hackware\magicindicatordemo\example\NoTabOnlyIndicatorExampleActivity.java,net.lucode.hackware.magicindicatordemo.example.NoTabOnlyIndicatorExampleActivity$Anonymous2,anonymous,6,6,0,6,4,1,0,9,3,0.0,0.0,0.0,3,0,3,0,0,0,3,0,0,0,0,0,0,0,0,0,0,0,1,17,3,0,1,0,0,1,2,2,0,2,0,0,0,0,21,-1,0
C:\PROJECTS\MagicIndicator-main\MagicIndicator-main\app\src\main\java\net\lucode\hackware\magicindicatordemo\example\NoTabOnlyIndicatorExampleActivity.java,net.lucode.hackware.magicindicatordemo.example.NoTabOnlyIndicatorExampleActivity$Anonymous1,anonymous,5,5,0,5,4,1,0,6,3,0.0,0.0,0.0,3,0,3,0,0,0,3,0,0,0,0,0,0,0,0,0,0,0,0,15,3,0,1,0,0,1,1,2,0,2,0,0,0,0,19,-1,0
C:\PROJECTS\MagicIndicator-main\MagicIndicator-main\app\src\main\java\net\lucode\hackware\magicindicatordemo\example\BadgeTabExampleActivity.java,net.lucode.hackware.magicindicatordemo.example.BadgeTabExampleActivity$Anonymous9,anonymous,1,1,0,1,1,1,0,1,0,0.0,NaN,NaN,1,0,1,0,0,0,1,0,0,0,0,0,0,0,0,0,0,0,1,5,1,0,0,0,0,0,1,0,0,0,0,0,0,0,3,-1,0
C:\PROJECTS\MagicIndicator-main\MagicIndicator-main\magicindicator\src\main\java\net\lucode\hackware\magicindicator\ViewPagerHelper.java,net.lucode.hackware.magicindicator.ViewPagerHelper,class,2,9,7,2,1,1,0,1,0,0.0,NaN,NaN,1,1,1,0,0,0,1,0,0,0,0,0,0,0,0,0,0,0,0,16,0,0,0,0,0,0,0,0,0,0,0,1,0,0,11,1,0
C:\PROJECTS\MagicIndicator-main\MagicIndicator-main\magicindicator\src\main\java\net\lucode\hackware\magicindicator\buildins\commonnavigator\CommonNavigator.java,net.lucode.hackware.magicindicator.buildins.commonnavigator.CommonNavigator$Anonymous1,anonymous,3,3,0,3,2,1,0,3,1,0.0,0.0,0.0,2,0,2,0,0,0,2,0,0,0,0,0,0,0,0,0,0,0,0,8,0,0,0,0,0,0,0,0,0,0,0,0,0,0,4,-1,0
C:\PROJECTS\MagicIndicator-main\MagicIndicator-main\app\src\main\java\net\lucode\hackware\magicindicatordemo\example\BadgeTabExampleActivity.java,net.lucode.hackware.magicindicatordemo.example.BadgeTabExampleActivity$Anonymous1,anonymous,12,12,0,12,8,1,0,16,3,0.0,0.0,0.0,3,0,3,0,0,0,3,0,0,0,0,0,0,0,0,0,0,0,4,48,3,0,5,0,1,3,12,5,2,5,1,1,0,0,26,-1,0
C:\PROJECTS\MagicIndicator-main\MagicIndicator-main\app\src\main\java\net\lucode\hackware\magicindicatordemo\example\BadgeTabExampleActivity.java,net.lucode.hackware.magicindicatordemo.example.BadgeTabExampleActivity$Anonymous3,anonymous,13,13,0,13,8,1,0,21,6,0.0,0.0,0.0,4,0,4,0,0,0,4,0,0,0,0,0,0,0,0,0,0,0,4,48,6,0,4,0,0,3,13,4,0,4,1,1,0,0,29,-1,0
C:\PROJECTS\MagicIndicator-main\MagicIndicator-main\app\src\main\java\net\lucode\hackware\magicindicatordemo\example\FixedTabExampleActivity.java,net.lucode.hackware.magicindicatordemo.example.FixedTabExampleActivity,class,14,16,2,14,5,2,0,25,0,0.7,NaN,NaN,5,0,0,4,1,0,1,0,0,0,4,1,0,4,0,0,1,0,5,183,0,0,0,0,0,3,3,15,0,15,0,6,0,0,55,1,0
C:\PROJECTS\MagicIndicator-main\MagicIndicator-main\magicindicator\src\main\java\net\lucode\hackware\magicindicator\ViewPagerHelper.java,net.lucode.hackware.magicindicator.ViewPagerHelper$Anonymous1,anonymous,1,1,0,1,3,1,0,3,3,0.0,0.0,0.0,3,0,3,0,0,0,3,0,0,0,0,0,0,0,0,0,0,0,0,11,0,0,0,0,0,0,0,0,0,0,0,0,0,0,11,-1,0
C:\PROJECTS\MagicIndicator-main\MagicIndicator-main\magicindicator\src\main\java\net\lucode\hackware\magicindicator\buildins\circlenavigator\CircleNavigator.java,net.lucode.hackware.magicindicator.buildins.circlenavigator.CircleNavigator$OnCircleClickListener,interface,0,0,0,0,1,1,0,0,0,0.0,NaN,NaN,1,0,0,0,0,1,1,0,0,0,0,0,0,0,0,0,0,0,0,3,0,0,0,0,0,0,0,0,0,0,0,0,0,0,6,1,0
C:\PROJECTS\MagicIndicator-main\MagicIndicator-main\magicindicator\src\main\java\net\lucode\hackware\magicindicator\abs\IPagerNavigator.java,net.lucode.hackware.magicindicator.abs.IPagerNavigator,interface,0,5,5,0,6,1,0,0,15,0.0,0.0,0.0,6,0,0,0,0,6,6,0,0,0,0,0,0,0,0,0,0,0,0,8,0,0,0,0,0,0,0,0,0,0,0,0,0,0,26,1,0
C:\PROJECTS\MagicIndicator-main\MagicIndicator-main\app\src\main\java\net\lucode\hackware\magicindicatordemo\ext\indicators\CommonPagerIndicator.java,net.lucode.hackware.magicindicatordemo.ext.indicators.CommonPagerIndicator,class,10,10,0,10,31,2,0,8,175,0.8846153,0.121212125,0.74025977,22,0,21,0,1,0,22,0,0,0,13,3,3,10,0,0,3,0,2,125,10,0,8,0,13,2,8,37,33,19,1,0,0,0,77,1,0
C:\PROJECTS\MagicIndicator-main\MagicIndicator-main\magicindicator\src\main\java\net\lucode\hackware\magicindicator\MagicIndicator.java,net.lucode.hackware.magicindicator.MagicIndicator,class,6,17,11,6,13,2,0,7,1,0.2857143,0.47619048,0.47619048,7,0,7,0,0,0,7,0,0,0,1,0,0,1,0,0,0,0,0,42,2,0,5,0,0,0,0,2,0,2,1,0,0,0,38,1,0
C:\PROJECTS\MagicIndicator-main\MagicIndicator-main\app\src\main\java\net\lucode\hackware\magicindicatordemo\example\ScrollableTabExampleActivity.java,net.lucode.hackware.magicindicatordemo.example.ScrollableTabExampleActivity$Anonymous11$Anonymous12,anonymous,1,1,0,1,1,1,0,1,0,0.0,NaN,NaN,1,0,1,0,0,0,1,0,0,0,0,0,0,0,0,0,0,0,0,5,0,0,0,0,0,0,0,0,0,0,0,0,0,0,5,-1,0
C:\PROJECTS\MagicIndicator-main\MagicIndicator-main\magicindicator\src\main\java\net\lucode\hackware\magicindicator\buildins\ArgbEvaluatorHolder.java,net.lucode.hackware.magicindicator.buildins.ArgbEvaluatorHolder,class,0,4,4,0,1,1,0,0,0,0.0,NaN,NaN,1,1,1,0,0,0,1,0,0,0,0,0,0,0,0,0,0,0,0,17,1,0,0,0,17,0,17,12,21,12,0,0,0,0,18,1,0
C:\PROJECTS\MagicIndicator-main\MagicIndicator-main\magicindicator\src\main\java\net\lucode\hackware\magicindicator\buildins\commonnavigator\indicators\TriangularPagerIndicator.java,net.lucode.hackware.magicindicator.buildins.commonnavigator.indicators.TriangularPagerIndicator,class,12,15,3,12,26,2,0,16,150,0.86580086,0.12105263,0.7157895,21,0,19,1,1,0,20,0,0,0,11,0,0,11,0,0,0,0,5,109,8,0,2,0,3,0,12,20,29,15,1,0,0,0,59,1,0
C:\PROJECTS\MagicIndicator-main\MagicIndicator-main\app\src\main\java\net\lucode\hackware\magicindicatordemo\example\ScrollableTabExampleActivity.java,net.lucode.hackware.magicindicatordemo.example.ScrollableTabExampleActivity$Anonymous13$Anonymous14,anonymous,1,1,0,1,1,1,0,1,0,0.0,NaN,NaN,1,0,1,0,0,0,1,0,0,0,0,0,0,0,0,0,0,0,0,5,0,0,0,0,0,0,0,0,0,0,0,0,0,0,5,-1,0
C:\PROJECTS\MagicIndicator-main\MagicIndicator-main\app\src\main\java\net\lucode\hackware\magicindicatordemo\example\ScrollableTabExampleActivity.java,net.lucode.hackware.magicindicatordemo.example.ScrollableTabExampleActivity$Anonymous7$Anonymous8,anonymous,1,1,0,1,1,1,0,1,0,0.0,NaN,NaN,1,0,1,0,0,0,1,0,0,0,0,0,0,0,0,0,0,0,0,5,0,0,0,0,0,0,0,0,0,0,0,0,0,0,5,-1,0
C:\PROJECTS\MagicIndicator-main\MagicIndicator-main\app\src\main\java\net\lucode\hackware\magicindicatordemo\example\FixedTabExampleActivity.java,net.lucode.hackware.magicindicatordemo.example.FixedTabExampleActivity$Anonymous9,anonymous,1,1,0,1,1,1,0,1,0,0.0,NaN,NaN,1,0,1,0,0,0,1,0,0,0,0,0,0,0,0,0,0,0,1,5,1,0,0,0,0,0,1,0,0,0,0,0,0,0,3,-1,0
C:\PROJECTS\MagicIndicator-main\MagicIndicator-main\app\src\main\java\net\lucode\hackware\magicindicatordemo\example\FixedTabExampleActivity.java,net.lucode.hackware.magicindicatordemo.example.FixedTabExampleActivity$Anonymous5,anonymous,7,7,0,7,4,1,0,14,3,0.0,0.0,0.0,3,0,3,0,0,0,3,0,0,0,0,0,0,0,0,0,0,0,1,29,3,0,1,0,0,2,4,5,3,5,0,1,0,0,23,-1,0
C:\PROJECTS\MagicIndicator-main\MagicIndicator-main\magicindicator\src\main\java\net\lucode\hackware\magicindicator\buildins\commonnavigator\titles\SimplePagerTitleView.java,net.lucode.hackware.magicindicator.buildins.commonnavigator.titles.SimplePagerTitleView,class,7,24,17,7,20,2,2,19,79,0.78571427,0.07692308,0.07692308,14,0,13,1,0,0,13,0,0,0,2,0,0,0,2,0,0,0,1,79,6,2,0,0,2,6,13,19,16,15,3,0,0,0,52,1,0
C:\PROJECTS\MagicIndicator-main\MagicIndicator-main\app\src\main\java\net\lucode\hackware\magicindicatordemo\example\FixedTabExampleActivity.java,net.lucode.hackware.magicindicatordemo.example.FixedTabExampleActivity$Anonymous7,anonymous,8,8,0,8,3,1,0,10,3,0.0,0.0,0.0,3,0,3,0,0,0,3,0,0,0,0,0,0,0,0,0,0,0,1,25,3,0,0,0,0,0,1,2,0,2,0,1,0,0,16,-1,0
C:\PROJECTS\MagicIndicator-main\MagicIndicator-main\magicindicator\src\main\java\net\lucode\hackware\magicindicator\buildins\commonnavigator\abs\CommonNavigatorAdapter.java,net.lucode.hackware.magicindicator.buildins.commonnavigator.abs.CommonNavigatorAdapter,class,5,14,9,5,8,1,0,4,16,0.5,0.21428572,0.21428572,8,0,8,0,0,0,8,3,4,0,1,0,0,1,0,0,1,0,0,21,1,0,0,0,0,0,1,1,0,1,0,0,0,0,29,1025,0
C:\PROJECTS\MagicIndicator-main\MagicIndicator-main\app\src\main\java\net\lucode\hackware\magicindicatordemo\example\FixedTabExampleActivity.java,net.lucode.hackware.magicindicatordemo.example.FixedTabExampleActivity$Anonymous1,anonymous,7,7,0,7,4,1,0,8,3,0.0,0.0,0.0,3,0,3,0,0,0,3,0,0,0,0,0,0,0,0,0,0,0,0,23,3,0,1,0,0,2,1,2,0,2,0,1,0,0,20,-1,0
C:\PROJECTS\MagicIndicator-main\MagicIndicator-main\app\src\main\java\net\lucode\hackware\magicindicatordemo\example\FixedTabExampleActivity.java,net.lucode.hackware.magicindicatordemo.example.FixedTabExampleActivity$Anonymous3,anonymous,10,10,0,10,7,1,0,14,6,0.0,0.0,0.0,4,0,4,0,0,0,4,0,0,0,0,0,0,0,0,0,0,0,2,39,6,0,3,0,0,3,10,2,0,2,1,1,0,0,24,-1,0
C:\PROJECTS\MagicIndicator-main\MagicIndicator-main\app\src\main\java\net\lucode\hackware\magicindicatordemo\example\FixedTabExampleActivity.java,net.lucode.hackware.magicindicatordemo.example.FixedTabExampleActivity$Anonymous3$Anonymous4,anonymous,1,1,0,1,1,1,0,1,0,0.0,NaN,NaN,1,0,1,0,0,0,1,0,0,0,0,0,0,0,0,0,0,0,0,5,0,0,0,0,0,0,0,0,0,0,0,0,0,0,5,-1,0
C:\PROJECTS\MagicIndicator-main\MagicIndicator-main\app\src\main\java\net\lucode\hackware\magicindicatordemo\example\ExampleMainActivity.java,net.lucode.hackware.magicindicatordemo.example.ExampleMainActivity,class,12,12,0,12,10,2,0,4,1,0.0,0.0,0.0,2,0,1,0,1,0,2,0,0,0,0,0,0,0,0,0,0,0,0,36,0,0,0,0,0,0,0,0,0,0,1,0,0,0,18,1,0
C:\PROJECTS\MagicIndicator-main\MagicIndicator-main\app\src\main\java\net\lucode\hackware\magicindicatordemo\example\ScrollableTabExampleActivity.java,net.lucode.hackware.magicindicatordemo.example.ScrollableTabExampleActivity$Anonymous3,anonymous,7,7,0,7,4,1,0,12,3,0.0,0.0,0.0,3,0,3,0,0,0,3,0,0,0,0,0,0,0,0,0,0,0,1,26,3,0,1,0,0,2,3,2,0,2,0,1,0,0,18,-1,0
C:\PROJECTS\MagicIndicator-main\MagicIndicator-main\app\src\main\java\net\lucode\hackware\magicindicatordemo\example\ScrollableTabExampleActivity.java,net.lucode.hackware.magicindicatordemo.example.ScrollableTabExampleActivity$Anonymous1,anonymous,5,5,0,5,4,1,0,7,3,0.0,0.0,0.0,3,0,3,0,0,0,3,0,0,0,0,0,0,0,0,0,0,0,0,21,3,0,1,0,0,1,1,1,0,1,0,1,0,0,16,-1,0
C:\PROJECTS\MagicIndicator-main\MagicIndicator-main\app\src\main\java\net\lucode\hackware\magicindicatordemo\example\ScrollableTabExampleActivity.java,net.lucode.hackware.magicindicatordemo.example.ScrollableTabExampleActivity$Anonymous7,anonymous,7,7,0,7,4,1,0,8,3,0.0,0.0,0.0,3,0,3,0,0,0,3,0,0,0,0,0,0,0,0,0,0,0,0,23,3,0,1,0,0,2,1,2,0,2,0,1,0,0,20,-1,0
C:\PROJECTS\MagicIndicator-main\MagicIndicator-main\app\src\main\java\net\lucode\hackware\magicindicatordemo\example\ScrollableTabExampleActivity.java,net.lucode.hackware.magicindicatordemo.example.ScrollableTabExampleActivity$Anonymous5,anonymous,7,7,0,7,3,1,0,8,3,0.0,0.0,0.0,3,0,3,0,0,0,3,0,0,0,0,0,0,0,0,0,0,0,0,24,3,0,0,0,0,0,0,2,0,2,0,1,0,0,16,-1,0
C:\PROJECTS\MagicIndicator-main\MagicIndicator-main\magicindicator\src\main\java\net\lucode\hackware\magicindicator\buildins\commonnavigator\indicators\LinePagerIndicator.java,net.lucode.hackware.magicindicator.buildins.commonnavigator.indicators.LinePagerIndicator,class,13,29,16,13,37,2,0,16,249,0.89230764,0.10333333,0.77,26,0,24,1,1,0,25,0,0,0,15,3,3,12,0,0,3,0,8,145,11,0,9,0,6,2,12,42,33,24,1,0,0,0,85,1,0
C:\PROJECTS\MagicIndicator-main\MagicIndicator-main\app\src\main\java\net\lucode\hackware\magicindicatordemo\example\ScrollableTabExampleActivity.java,net.lucode.hackware.magicindicatordemo.example.ScrollableTabExampleActivity$Anonymous5$Anonymous6,anonymous,1,1,0,1,1,1,0,1,0,0.0,NaN,NaN,1,0,1,0,0,0,1,0,0,0,0,0,0,0,0,0,0,0,0,5,0,0,0,0,0,0,0,0,0,0,0,0,0,0,5,-1,0
C:\PROJECTS\MagicIndicator-main\MagicIndicator-main\app\src\main\java\net\lucode\hackware\magicindicatordemo\example\BadgeTabExampleActivity.java,net.lucode.hackware.magicindicatordemo.example.BadgeTabExampleActivity$Anonymous5$Anonymous6,anonymous,1,1,0,1,1,1,0,1,0,0.0,NaN,NaN,1,0,1,0,0,0,1,0,0,0,0,0,0,0,0,0,0,0,0,5,0,0,0,0,0,0,0,0,0,0,0,0,0,0,5,-1,0
C:\PROJECTS\MagicIndicator-main\MagicIndicator-main\app\src\main\java\net\lucode\hackware\magicindicatordemo\example\FixedTabExampleActivity.java,net.lucode.hackware.magicindicatordemo.example.FixedTabExampleActivity$Anonymous10,anonymous,1,1,0,1,1,1,0,1,0,0.0,NaN,NaN,1,0,1,0,0,0,1,0,0,0,0,0,0,0,0,0,0,0,0,5,0,0,0,0,0,0,0,0,0,0,0,0,0,0,4,-1,0
C:\PROJECTS\MagicIndicator-main\MagicIndicator-main\magicindicator\src\main\java\net\lucode\hackware\magicindicator\buildins\commonnavigator\titles\ColorTransitionPagerTitleView.java,net.lucode.hackware.magicindicator.buildins.commonnavigator.titles.ColorTransitionPagerTitleView,class,3,10,7,3,5,3,1,2,10,0.0,0.0,0.0,5,0,5,0,0,0,5,0,0,0,0,0,0,0,0,0,0,0,2,17,0,0,0,0,0,0,0,2,0,2,0,0,0,0,24,1,0
C:\PROJECTS\MagicIndicator-main\MagicIndicator-main\magicindicator\src\main\java\net\lucode\hackware\magicindicator\buildins\commonnavigator\CommonNavigator.java,net.lucode.hackware.magicindicator.buildins.commonnavigator.CommonNavigator,class,16,25,9,16,90,2,0,58,506,0.8930555,0.13063063,0.6141141,40,0,36,3,1,0,37,0,0,0,18,0,0,18,0,0,0,0,3,325,20,2,23,0,8,0,23,62,16,43,4,1,0,0,100,1,0
C:\PROJECTS\MagicIndicator-main\MagicIndicator-main\app\src\main\java\net\lucode\hackware\magicindicatordemo\example\ScrollableTabExampleActivity.java,net.lucode.hackware.magicindicatordemo.example.ScrollableTabExampleActivity$Anonymous9,anonymous,10,10,0,10,4,1,0,14,3,0.0,0.0,0.0,3,0,3,0,0,0,3,0,0,0,0,0,0,0,0,0,0,0,2,28,3,0,1,0,0,3,5,2,0,2,0,1,0,0,23,-1,0
C:\PROJECTS\MagicIndicator-main\MagicIndicator-main\magicindicator\src\main\java\net\lucode\hackware\magicindicator\buildins\commonnavigator\titles\CommonPagerTitleView.java,net.lucode.hackware.magicindicator.buildins.commonnavigator.titles.CommonPagerTitleView,class,8,10,2,8,26,2,0,18,60,0.625,0.25,0.25,16,0,16,0,0,0,16,0,0,0,2,0,0,2,0,0,0,0,0,91,10,0,10,0,0,0,0,4,0,3,2,0,2,0,46,1,0
C:\PROJECTS\MagicIndicator-main\MagicIndicator-main\app\src\main\java\net\lucode\hackware\magicindicatordemo\example\LoadCustomLayoutExampleActivity.java,net.lucode.hackware.magicindicatordemo.example.LoadCustomLayoutExampleActivity$Anonymous1,anonymous,8,8,0,8,3,1,0,10,3,0.0,0.0,0.0,3,0,3,0,0,0,3,0,0,0,0,0,0,0,0,0,0,0,0,41,3,0,0,0,0,0,0,4,0,4,0,2,0,0,19,-1,0
C:\PROJECTS\MagicIndicator-main\MagicIndicator-main\app\src\main\java\net\lucode\hackware\magicindicatordemo\example\DynamicTabExampleActivity.java,net.lucode.hackware.magicindicatordemo.example.DynamicTabExampleActivity$Anonymous1$Anonymous2,anonymous,1,1,0,1,1,1,0,1,0,0.0,NaN,NaN,1,0,1,0,0,0,1,0,0,0,0,0,0,0,0,0,0,0,0,5,0,0,0,0,0,0,0,0,0,0,0,0,0,0,5,-1,0
C:\PROJECTS\MagicIndicator-main\MagicIndicator-main\app\src\main\java\net\lucode\hackware\magicindicatordemo\example\FragmentContainerExampleActivity.java,net.lucode.hackware.magicindicatordemo.example.FragmentContainerExampleActivity$Anonymous1$Anonymous2,anonymous,3,3,0,3,1,1,0,2,0,0.0,NaN,NaN,1,0,1,0,0,0,1,0,0,0,0,0,0,0,0,0,0,0,0,6,0,0,0,0,0,0,0,0,0,0,0,0,0,0,7,-1,0
C:\PROJECTS\MagicIndicator-main\MagicIndicator-main\magicindicator\src\main\java\net\lucode\hackware\magicindicator\buildins\commonnavigator\titles\badge\BadgeAnchor.java,net.lucode.hackware.magicindicator.buildins.commonnavigator.titles.badge.BadgeAnchor,enum,0,2,2,0,0,1,0,0,0,0.0,-1.0,-1.0,0,0,0,0,0,0,0,0,0,0,0,0,0,0,0,0,0,0,0,1,0,0,0,0,0,0,0,0,0,0,0,0,0,0,19,1,0
C:\PROJECTS\MagicIndicator-main\MagicIndicator-main\app\src\main\java\net\lucode\hackware\magicindicatordemo\example\ScrollableTabExampleActivity.java,net.lucode.hackware.magicindicatordemo.example.ScrollableTabExampleActivity$Anonymous9$Anonymous10,anonymous,1,1,0,1,1,1,0,1,0,0.0,NaN,NaN,1,0,1,0,0,0,1,0,0,0,0,0,0,0,0,0,0,0,0,5,0,0,0,0,0,0,0,0,0,0,0,0,0,0,5,-1,0
C:\PROJECTS\MagicIndicator-main\MagicIndicator-main\magicindicator\src\main\java\net\lucode\hackware\magicindicator\ScrollState.java,net.lucode.hackware.magicindicator.ScrollState,interface,0,0,0,0,0,1,0,0,0,NaN,-1.0,-1.0,0,0,0,0,0,0,0,0,0,0,3,0,0,0,0,3,0,0,0,5,0,0,0,0,0,0,3,3,0,3,0,0,0,0,19,1,0
C:\PROJECTS\MagicIndicator-main\MagicIndicator-main\app\src\main\java\net\lucode\hackware\magicindicatordemo\example\CustomNavigatorExampleActivity.java,net.lucode.hackware.magicindicatordemo.example.CustomNavigatorExampleActivity$Anonymous2,anonymous,0,0,0,0,1,1,0,1,0,0.0,NaN,NaN,1,0,1,0,0,0,1,0,0,0,0,0,0,0,0,0,0,0,0,5,0,0,0,0,0,0,0,0,0,0,0,0,0,0,3,-1,0
C:\PROJECTS\MagicIndicator-main\MagicIndicator-main\app\src\main\java\net\lucode\hackware\magicindicatordemo\example\CustomNavigatorExampleActivity.java,net.lucode.hackware.magicindicatordemo.example.CustomNavigatorExampleActivity$Anonymous3,anonymous,0,0,0,0,1,1,0,1,0,0.0,NaN,NaN,1,0,1,0,0,0,1,0,0,0,0,0,0,0,0,0,0,0,0,5,0,0,0,0,0,0,0,0,0,0,0,0,0,0,3,-1,0
C:\PROJECTS\MagicIndicator-main\MagicIndicator-main\app\src\main\java\net\lucode\hackware\magicindicatordemo\example\CustomNavigatorExampleActivity.java,net.lucode.hackware.magicindicatordemo.example.CustomNavigatorExampleActivity$Anonymous1,anonymous,0,0,0,0,1,1,0,1,0,0.0,NaN,NaN,1,0,1,0,0,0,1,0,0,0,0,0,0,0,0,0,0,0,0,5,0,0,0,0,0,0,0,0,0,0,0,0,0,0,3,-1,0
C:\PROJECTS\MagicIndicator-main\MagicIndicator-main\app\src\main\java\net\lucode\hackware\magicindicatordemo\ext\titles\ScaleTransitionPagerTitleView.java,net.lucode.hackware.magicindicatordemo.ext.titles.ScaleTransitionPagerTitleView,class,2,6,4,2,5,4,0,4,0,0.2,0.6,0.6,5,0,5,0,0,0,5,0,0,0,1,0,0,1,0,0,0,0,0,22,1,0,0,0,4,0,7,2,12,1,0,0,0,0,27,1,0
C:\PROJECTS\MagicIndicator-main\MagicIndicator-main\app\src\main\java\net\lucode\hackware\magicindicatordemo\example\FragmentContainerExampleActivity.java,net.lucode.hackware.magicindicatordemo.example.FragmentContainerExampleActivity$Anonymous1,anonymous,7,7,0,7,3,1,0,12,3,0.0,0.0,0.0,3,0,3,0,0,0,3,0,0,0,0,0,0,0,0,0,0,0,1,30,3,0,0,0,0,2,3,5,3,5,0,1,0,0,19,-1,0
C:\PROJECTS\MagicIndicator-main\MagicIndicator-main\app\src\main\java\net\lucode\hackware\magicindicatordemo\example\CustomNavigatorExampleActivity.java,net.lucode.hackware.magicindicatordemo.example.CustomNavigatorExampleActivity,class,11,13,2,11,4,2,0,18,0,0.5,NaN,NaN,4,0,0,3,1,0,1,0,0,0,4,1,0,4,0,0,1,0,4,59,0,0,0,0,0,11,0,10,0,10,0,3,0,0,42,1,0
C:\PROJECTS\MagicIndicator-main\MagicIndicator-main\app\src\main\java\net\lucode\hackware\magicindicatordemo\example\DynamicTabExampleActivity.java,net.lucode.hackware.magicindicatordemo.example.DynamicTabExampleActivity$Anonymous1,anonymous,5,5,0,5,3,1,0,7,3,0.0,0.0,0.0,3,0,3,0,0,0,3,0,0,0,0,0,0,0,0,0,0,0,0,21,3,0,0,0,0,1,0,1,0,1,0,1,0,0,13,-1,0
C:\PROJECTS\MagicIndicator-main\MagicIndicator-main\app\src\main\java\net\lucode\hackware\magicindicatordemo\example\FragmentContainerExampleActivity.java,net.lucode.hackware.magicindicatordemo.example.FragmentContainerExampleActivity,class,11,14,3,11,9,2,0,22,2,0.5833333,NaN,NaN,4,0,0,3,1,0,1,0,0,0,3,1,0,3,0,0,1,0,0,82,0,2,1,0,0,3,4,14,0,13,2,1,0,0,50,1,0
C:\PROJECTS\MagicIndicator-main\MagicIndicator-main\magicindicator\src\main\java\net\lucode\hackware\magicindicator\buildins\commonnavigator\titles\DummyPagerTitleView.java,net.lucode.hackware.magicindicator.buildins.commonnavigator.titles.DummyPagerTitleView,class,3,5,2,3,5,2,0,0,10,0.0,0.0,0.0,5,0,5,0,0,0,5,0,0,0,0,0,0,0,0,0,0,0,0,13,0,0,0,0,0,0,0,0,0,0,0,0,0,0,20,1,0
C:\PROJECTS\MagicIndicator-main\MagicIndicator-main\magicindicator\src\main\java\net\lucode\hackware\magicindicator\buildins\commonnavigator\model\PositionData.java,net.lucode.hackware.magicindicator.buildins.commonnavigator.model.PositionData,class,1,12,11,1,6,1,0,2,11,0.7916667,0.13333334,0.13333334,6,0,6,0,0,0,6,0,0,0,8,0,8,0,0,0,0,0,0,28,6,0,0,0,0,0,2,0,8,8,0,0,0,0,20,1,0
C:\PROJECTS\MagicIndicator-main\MagicIndicator-main\magicindicator\src\main\java\net\lucode\hackware\magicindicator\buildins\commonnavigator\titles\ClipPagerTitleView.java,net.lucode.hackware.magicindicator.buildins.commonnavigator.titles.ClipPagerTitleView,class,8,14,6,8,29,2,0,31,155,0.8198757,0.14619882,0.61403507,23,0,17,4,2,0,19,0,0,0,7,0,0,7,0,0,0,0,4,138,10,0,1,0,6,0,21,32,28,26,1,0,0,0,67,1,0
C:\PROJECTS\MagicIndicator-main\MagicIndicator-main\magicindicator\src\main\java\net\lucode\hackware\magicindicator\buildins\UIUtil.java,net.lucode.hackware.magicindicator.buildins.UIUtil,class,1,27,26,1,2,1,0,2,1,0.0,0.0,0.0,2,2,2,0,0,0,2,0,0,0,0,0,0,0,0,0,0,0,0,9,2,0,0,0,1,0,1,1,2,1,0,0,0,0,16,17,0
C:\PROJECTS\MagicIndicator-main\MagicIndicator-main\magicindicator\src\main\java\net\lucode\hackware\magicindicator\NavigatorHelper.java,net.lucode.hackware.magicindicator.NavigatorHelper,class,4,8,4,4,46,1,0,11,0,0.6752137,0.30555555,0.5833333,13,0,9,4,0,0,9,0,0,0,9,0,0,9,0,0,0,0,0,143,4,3,20,0,2,0,22,23,10,20,3,0,1,0,61,1,0
C:\PROJECTS\MagicIndicator-main\MagicIndicator-main\app\src\main\java\net\lucode\hackware\magicindicatordemo\example\ScrollableTabExampleActivity.java,net.lucode.hackware.magicindicatordemo.example.ScrollableTabExampleActivity$Anonymous1$Anonymous2,anonymous,1,1,0,1,1,1,0,1,0,0.0,NaN,NaN,1,0,1,0,0,0,1,0,0,0,0,0,0,0,0,0,0,0,0,5,0,0,0,0,0,0,0,0,0,0,0,0,0,0,5,-1,0
C:\PROJECTS\MagicIndicator-main\MagicIndicator-main\magicindicator\src\main\java\net\lucode\hackware\magicindicator\buildins\commonnavigator\abs\IPagerIndicator.java,net.lucode.hackware.magicindicator.buildins.commonnavigator.abs.IPagerIndicator,interface,1,32,31,1,4,1,0,0,6,0.0,0.0,0.0,4,0,0,0,0,4,4,0,0,0,0,0,0,0,0,0,0,0,0,6,0,0,0,0,0,0,0,0,0,0,0,0,0,0,22,1,0
C:\PROJECTS\MagicIndicator-main\MagicIndicator-main\magicindicator\src\main\java\net\lucode\hackware\magicindicator\buildins\commonnavigator\titles\badge\BadgePagerTitleView.java,net.lucode.hackware.magicindicator.buildins.commonnavigator.titles.badge.BadgePagerTitleView,class,9,15,6,9,57,2,0,23,34,0.75000006,0.4105263,0.9,20,0,19,0,1,0,20,0,0,0,5,0,0,5,0,0,0,0,0,164,15,1,27,0,6,2,32,37,17,21,3,0,0,0,62,1,0
C:\PROJECTS\MagicIndicator-main\MagicIndicator-main\app\src\main\java\net\lucode\hackware\magicindicatordemo\example\FixedTabExampleActivity.java,net.lucode.hackware.magicindicatordemo.example.FixedTabExampleActivity$Anonymous5$Anonymous6,anonymous,1,1,0,1,1,1,0,1,0,0.0,NaN,NaN,1,0,1,0,0,0,1,0,0,0,0,0,0,0,0,0,0,0,0,5,0,0,0,0,0,0,0,0,0,0,0,0,0,0,5,-1,0
C:\PROJECTS\MagicIndicator-main\MagicIndicator-main\magicindicator\src\main\java\net\lucode\hackware\magicindicator\buildins\commonnavigator\indicators\BezierPagerIndicator.java,net.lucode.hackware.magicindicator.buildins.commonnavigator.indicators.BezierPagerIndicator,class,14,16,2,14,23,2,0,22,74,0.8190045,0.15238096,0.62857145,17,0,14,2,1,0,15,0,0,0,13,0,0,13,0,0,0,0,9,102,4,0,4,0,8,0,10,28,35,21,1,0,0,0,66,1,0
C:\PROJECTS\MagicIndicator-main\MagicIndicator-main\app\src\main\java\net\lucode\hackware\magicindicatordemo\example\NoTabOnlyIndicatorExampleActivity.java,net.lucode.hackware.magicindicatordemo.example.NoTabOnlyIndicatorExampleActivity,class,9,11,2,9,3,2,0,12,0,0.6666667,NaN,NaN,3,0,0,2,1,0,1,0,0,0,4,1,0,4,0,0,1,0,3,63,0,0,0,0,0,6,0,8,0,8,0,2,0,0,41,1,0
C:\PROJECTS\MagicIndicator-main\MagicIndicator-main\magicindicator\src\main\java\net\lucode\hackware\magicindicator\buildins\commonnavigator\titles\CommonPagerTitleView.java,net.lucode.hackware.magicindicator.buildins.commonnavigator.titles.CommonPagerTitleView$ContentPositionDataProvider,interface,0,0,0,0,4,1,0,0,6,0.0,0.0,0.0,4,0,0,0,0,4,4,0,0,0,0,0,0,0,0,0,0,0,0,6,0,0,0,0,0,0,0,0,0,0,0,0,0,0,9,1,0
C:\PROJECTS\MagicIndicator-main\MagicIndicator-main\app\src\main\java\net\lucode\hackware\magicindicatordemo\ext\navigator\DummyCircleNavigator.java,net.lucode.hackware.magicindicatordemo.ext.navigator.DummyCircleNavigator,class,8,9,1,8,27,2,0,15,185,0.84782606,0.06315789,0.12631579,23,0,18,3,2,0,20,0,0,0,8,0,0,8,0,0,0,0,3,108,6,2,0,0,2,0,13,22,11,18,2,0,0,0,69,1,0
C:\PROJECTS\MagicIndicator-main\MagicIndicator-main\app\src\main\java\net\lucode\hackware\magicindicatordemo\example\BadgeTabExampleActivity.java,net.lucode.hackware.magicindicatordemo.example.BadgeTabExampleActivity,class,12,14,2,12,5,2,0,22,0,0.7,NaN,NaN,5,0,0,4,1,0,1,0,0,0,4,1,0,4,0,0,1,0,6,211,0,0,0,0,0,3,1,14,0,14,0,5,0,0,50,1,0
C:\PROJECTS\MagicIndicator-main\MagicIndicator-main\app\src\main\java\net\lucode\hackware\magicindicatordemo\example\ScrollableTabExampleActivity.java,net.lucode.hackware.magicindicatordemo.example.ScrollableTabExampleActivity$Anonymous11,anonymous,7,7,0,7,4,1,0,9,3,0.0,0.0,0.0,3,0,3,0,0,0,3,0,0,0,0,0,0,0,0,0,0,0,0,24,3,0,1,0,0,5,2,2,0,2,0,1,0,0,20,-1,0
C:\PROJECTS\MagicIndicator-main\MagicIndicator-main\app\src\main\java\net\lucode\hackware\magicindicatordemo\example\ScrollableTabExampleActivity.java,net.lucode.hackware.magicindicatordemo.example.ScrollableTabExampleActivity$Anonymous13,anonymous,10,10,0,10,4,1,0,15,3,0.0,0.0,0.0,3,0,3,0,0,0,3,0,0,0,0,0,0,0,0,0,0,0,3,29,3,0,1,0,0,3,5,2,0,2,0,1,0,0,23,-1,0
C:\PROJECTS\MagicIndicator-main\MagicIndicator-main\app\src\main\java\net\lucode\hackware\magicindicatordemo\example\ScrollableTabExampleActivity.java,net.lucode.hackware.magicindicatordemo.example.ScrollableTabExampleActivity$Anonymous15,anonymous,6,6,0,6,4,1,0,8,3,0.0,0.0,0.0,3,0,3,0,0,0,3,0,0,0,0,0,0,0,0,0,0,0,0,23,3,0,1,0,0,3,1,2,0,2,0,1,0,0,18,-1,0
C:\PROJECTS\MagicIndicator-main\MagicIndicator-main\magicindicator\src\main\java\net\lucode\hackware\magicindicator\FragmentContainerHelper.java,net.lucode.hackware.magicindicator.FragmentContainerHelper,class,10,23,13,10,25,1,0,20,31,0.83116883,0.10714286,0.14285715,11,1,8,3,0,0,8,0,0,0,7,0,0,7,0,0,0,0,0,124,3,3,5,0,0,0,11,26,12,11,2,2,0,0,55,1,0
C:\PROJECTS\MagicIndicator-main\MagicIndicator-main\app\src\main\java\net\lucode\hackware\magicindicatordemo\example\ScrollableTabExampleActivity.java,net.lucode.hackware.magicindicatordemo.example.ScrollableTabExampleActivity$Anonymous17,anonymous,6,6,0,6,4,1,0,8,3,0.0,0.0,0.0,3,0,3,0,0,0,3,0,0,0,0,0,0,0,0,0,0,0,0,23,3,0,1,0,0,3,1,2,0,2,0,1,0,0,18,-1,0
