file,class,type,cbo,cboModified,fanin,fanout,wmc,dit,noc,rfc,lcom,lcom*,tcc,lcc,totalMethodsQty,staticMethodsQty,publicMethodsQty,privateMethodsQty,protectedMethodsQty,defaultMethodsQty,visibleMethodsQty,abstractMethodsQty,finalMethodsQty,synchronizedMethodsQty,totalFieldsQty,staticFieldsQty,publicFieldsQty,privateFieldsQty,protectedFieldsQty,defaultFieldsQty,finalFieldsQty,synchronizedFieldsQty,nosi,loc,returnQty,loopQty,comparisonsQty,tryCatchQty,parenthesizedExpsQty,stringLiteralsQty,numbersQty,assignmentsQty,mathOperationsQty,variablesQty,maxNestedBlocksQty,anonymousClassesQty,innerClassesQty,lambdasQty,uniqueWordsQty,modifiers,logStatementsQty
C:\PROJECTS\webmagic-develop\webmagic-develop\webmagic-extension\src\main\java\us\codecraft\webmagic\configurable\ConfigurablePageProcessor.java,us.codecraft.webmagic.configurable.ConfigurablePageProcessor,class,7,8,1,7,9,1,0,12,0,0.33333334,0.6666667,1.0,3,0,3,0,0,0,3,0,0,0,2,0,0,2,0,0,0,0,0,33,1,1,2,0,0,0,1,4,0,4,3,0,0,0,16,1,0
C:\PROJECTS\webmagic-develop\webmagic-develop\webmagic-saxon\src\test\java\us\codecraft\webmagic\selector\XpathSelectorTest.java,us.codecraft.webmagic.selector.XpathSelectorTest,class,16,16,0,16,20,1,0,34,12,0.5555556,0.25,0.25,9,0,9,0,0,0,9,0,0,0,2,0,0,2,0,0,0,0,25,118,0,11,0,0,1,1382,28,48,15,39,1,0,0,0,455,1,0
C:\PROJECTS\webmagic-develop\webmagic-develop\webmagic-extension\src\main\java\us\codecraft\webmagic\model\annotation\ComboExtract.java,us.codecraft.webmagic.model.annotation.ComboExtract$Source,enum,0,0,0,0,0,1,0,0,0,0.0,-1.0,-1.0,0,0,0,0,0,0,0,0,0,0,0,0,0,0,0,0,0,0,0,3,0,0,0,0,0,0,0,0,0,0,0,0,0,0,16,9,0
C:\PROJECTS\webmagic-develop\webmagic-develop\webmagic-core\src\main\java\us\codecraft\webmagic\selector\Selector.java,us.codecraft.webmagic.selector.Selector,interface,0,19,19,0,2,1,0,0,1,0.0,0.0,0.0,2,0,2,0,0,0,2,0,0,0,0,0,0,0,0,0,0,0,0,4,0,0,0,0,0,0,0,0,0,0,0,0,0,0,22,1,0
C:\PROJECTS\webmagic-develop\webmagic-develop\webmagic-core\src\test\java\us\codecraft\webmagic\proxy\ProxyTest.java,us.codecraft.webmagic.proxy.ProxyTest,class,3,3,0,3,4,2,0,12,3,0.6666667,0.0,0.0,3,1,3,0,0,0,3,0,0,0,1,1,0,1,0,0,0,0,10,63,0,1,0,0,0,38,14,7,0,3,1,0,1,0,16,1,0
C:\PROJECTS\webmagic-develop\webmagic-develop\webmagic-extension\src\test\java\us\codecraft\webmagic\model\PageModelExtractorTest.java,us.codecraft.webmagic.model.PageModelExtractorTest,class,12,12,0,12,9,1,0,9,0,0.0,1.0,1.0,9,0,9,0,0,0,9,0,0,0,1,0,0,1,0,0,0,0,9,66,0,0,0,0,0,25,5,10,0,10,0,0,9,0,23,1,0
C:\PROJECTS\webmagic-develop\webmagic-develop\webmagic-core\src\main\java\us\codecraft\webmagic\downloader\CustomRedirectStrategy.java,us.codecraft.webmagic.downloader.CustomRedirectStrategy,class,9,10,1,9,3,2,0,9,0,0.0,NaN,NaN,1,0,1,0,0,0,1,0,0,0,1,0,0,1,0,0,0,0,0,22,3,0,0,1,0,3,0,4,0,4,2,0,0,0,42,1,1
C:\PROJECTS\webmagic-develop\webmagic-develop\webmagic-selenium\src\test\java\us\codecraft\webmagic\downloader\SeleniumTest.java,us.codecraft.webmagic.downloader.SeleniumTest,class,6,6,0,6,1,1,0,12,0,0.0,NaN,NaN,1,0,1,0,0,0,1,0,0,0,0,0,0,0,0,0,0,0,2,17,0,0,0,0,0,11,1,5,0,5,0,0,0,0,22,1,0
C:\PROJECTS\webmagic-develop\webmagic-develop\webmagic-core\src\main\java\us\codecraft\webmagic\model\HttpRequestBody.java,us.codecraft.webmagic.model.HttpRequestBody$ContentType,innerclass,0,0,0,0,0,1,0,0,0,NaN,-1.0,-1.0,0,0,0,0,0,0,0,0,0,0,4,4,4,0,0,0,4,0,0,6,0,0,0,0,0,4,0,4,0,4,0,0,0,0,19,1033,0
C:\PROJECTS\webmagic-develop\webmagic-develop\webmagic-extension\src\test\java\us\codecraft\webmagic\monitor\CustomSpiderStatusMXBean.java,us.codecraft.webmagic.monitor.CustomSpiderStatusMXBean,interface,1,2,1,1,1,1,0,0,0,0.0,NaN,NaN,1,0,1,0,0,0,1,0,0,0,0,0,0,0,0,0,0,0,0,3,0,0,0,0,0,0,0,0,0,0,0,0,0,0,9,1,0
C:\PROJECTS\webmagic-develop\webmagic-develop\webmagic-samples\src\main\java\us\codecraft\webmagic\samples\HuxiuProcessor.java,us.codecraft.webmagic.samples.HuxiuProcessor,class,7,8,1,7,3,1,0,12,3,0.0,0.0,0.0,3,1,3,0,0,0,3,0,0,0,0,0,0,0,0,0,0,0,2,14,1,0,0,0,0,7,0,1,0,1,0,0,0,0,14,1,0
C:\PROJECTS\webmagic-develop\webmagic-develop\webmagic-core\src\test\java\us\codecraft\webmagic\HtmlTest.java,us.codecraft.webmagic.HtmlTest,class,6,6,0,6,6,1,0,13,15,0.0,0.0,0.0,6,0,6,0,0,0,6,0,0,0,0,0,0,0,0,0,0,0,0,33,0,0,0,0,0,31,1,9,0,7,0,0,0,0,41,1,0
C:\PROJECTS\webmagic-develop\webmagic-develop\webmagic-extension\src\main\java\us\codecraft\webmagic\handler\SubPipeline.java,us.codecraft.webmagic.handler.SubPipeline,interface,4,6,2,4,1,1,0,0,0,0.0,NaN,NaN,1,0,1,0,0,0,1,0,0,0,0,0,0,0,0,0,0,0,0,3,0,0,0,0,0,0,0,0,0,0,0,0,0,0,21,1,0
C:\PROJECTS\webmagic-develop\webmagic-develop\webmagic-samples\src\main\java\us\codecraft\webmagic\model\samples\JokejiModel.java,us.codecraft.webmagic.model.samples.JokejiModel,class,9,10,1,9,1,1,0,11,0,1.0,NaN,NaN,1,1,1,0,0,0,1,0,0,0,2,0,0,2,0,0,0,0,2,7,0,0,0,0,0,9,3,0,0,2,0,0,0,0,28,1,0
C:\PROJECTS\webmagic-develop\webmagic-develop\webmagic-extension\src\main\java\us\codecraft\webmagic\model\HasKey.java,us.codecraft.webmagic.model.HasKey,interface,1,6,5,1,1,1,0,0,0,0.0,NaN,NaN,1,0,1,0,0,0,1,0,0,0,0,0,0,0,0,0,0,0,0,3,0,0,0,0,0,0,0,0,0,0,0,0,0,0,20,1,0
C:\PROJECTS\webmagic-develop\webmagic-develop\webmagic-extension\src\test\java\us\codecraft\webmagic\model\GithubRepo.java,us.codecraft.webmagic.model.GithubRepo,class,9,10,1,9,3,2,0,6,3,0.6666667,0.0,0.0,3,1,3,0,0,0,3,0,0,0,1,0,0,1,0,0,0,0,2,12,2,0,0,0,0,6,2,0,0,1,0,0,0,0,16,1,0
C:\PROJECTS\webmagic-develop\webmagic-develop\webmagic-core\src\main\java\us\codecraft\webmagic\utils\HttpConstant.java,us.codecraft.webmagic.utils.HttpConstant,class,0,0,0,0,0,1,0,0,0,0.0,-1.0,-1.0,0,0,0,0,0,0,0,0,0,0,0,0,0,0,0,0,0,0,0,18,0,0,0,0,0,0,0,0,0,0,0,0,3,0,5,1025,0
C:\PROJECTS\webmagic-develop\webmagic-develop\webmagic-samples\src\main\java\us\codecraft\webmagic\samples\QzoneBlogProcessor.java,us.codecraft.webmagic.samples.QzoneBlogProcessor,class,6,6,0,6,2,1,0,10,1,0.0,0.0,0.0,2,0,2,0,0,0,2,0,0,0,0,0,0,0,0,0,0,0,1,11,1,0,0,0,0,6,0,1,0,1,0,0,0,0,28,1,0
C:\PROJECTS\webmagic-develop\webmagic-develop\webmagic-extension\src\main\java\us\codecraft\webmagic\model\annotation\ExtractBy.java,us.codecraft.webmagic.model.annotation.ExtractBy$Source,enum,0,0,0,0,0,1,0,0,0,0.0,-1.0,-1.0,0,0,0,0,0,0,0,0,0,0,0,0,0,0,0,0,0,0,0,3,0,0,0,0,0,0,0,0,0,0,0,0,0,0,16,9,0
C:\PROJECTS\webmagic-develop\webmagic-develop\webmagic-core\src\main\java\us\codecraft\webmagic\Request.java,us.codecraft.webmagic.Request,class,5,78,73,5,36,1,0,6,261,0.8981481,0.12820514,0.44729346,27,0,27,0,0,0,27,0,0,0,12,2,1,11,0,0,2,0,0,115,27,0,11,0,1,9,4,18,4,14,1,0,0,0,91,1,0
C:\PROJECTS\webmagic-develop\webmagic-develop\webmagic-core\src\main\java\us\codecraft\webmagic\pipeline\ResultItemsCollectorPipeline.java,us.codecraft.webmagic.pipeline.ResultItemsCollectorPipeline,class,3,5,2,3,2,1,0,1,0,0.0,1.0,1.0,2,0,2,0,0,0,2,0,0,1,1,0,0,1,0,0,0,0,0,9,1,0,0,0,0,0,0,1,0,1,0,0,0,0,11,1,0
C:\PROJECTS\webmagic-develop\webmagic-develop\webmagic-extension\src\test\java\us\codecraft\webmagic\model\ModelPageProcessorTest.java,us.codecraft.webmagic.model.ModelPageProcessorTest$ModelFoo,innerclass,2,2,0,2,0,1,0,0,0,NaN,-1.0,-1.0,0,0,0,0,0,0,0,0,0,0,1,0,0,1,0,0,0,0,0,3,0,0,0,0,0,2,0,0,0,1,0,0,0,0,6,9,0
C:\PROJECTS\webmagic-develop\webmagic-develop\webmagic-extension\src\test\java\us\codecraft\webmagic\monitor\SpiderMonitorTest.java,us.codecraft.webmagic.monitor.SpiderMonitorTest$Anonymous1,anonymous,4,4,0,4,1,1,0,0,0,0.0,NaN,NaN,1,0,0,0,1,0,1,0,0,0,0,0,0,0,0,0,0,0,0,5,1,0,0,0,0,0,0,0,0,0,0,0,0,0,10,-1,0
C:\PROJECTS\webmagic-develop\webmagic-develop\webmagic-core\src\main\java\us\codecraft\webmagic\selector\AndSelector.java,us.codecraft.webmagic.selector.AndSelector,class,1,4,3,1,12,1,0,5,0,0.0,1.0,1.0,4,0,4,0,0,0,4,0,0,0,1,0,0,1,0,0,0,0,0,41,4,4,3,0,0,0,1,9,0,4,3,0,0,0,26,1,0
C:\PROJECTS\webmagic-develop\webmagic-develop\webmagic-selenium\src\test\java\us\codecraft\webmagic\samples\HuabanProcessor.java,us.codecraft.webmagic.samples.HuabanProcessor,class,10,11,1,10,5,1,0,21,3,0.6666667,0.0,0.0,3,1,3,0,0,0,3,0,0,0,1,0,0,1,0,0,0,0,2,21,1,0,1,0,0,8,2,1,0,1,1,0,0,0,24,1,0
C:\PROJECTS\webmagic-develop\webmagic-develop\webmagic-saxon\src\main\java\us\codecraft\webmagic\selector\Xpath2Selector.java,us.codecraft.webmagic.selector.Xpath2Selector,class,14,16,2,14,21,1,0,17,0,0.33333334,0.8181818,0.8181818,12,2,10,1,1,0,11,0,0,0,3,0,0,3,0,0,2,0,8,137,18,0,0,9,0,9,0,14,8,13,1,0,1,0,70,1,8
C:\PROJECTS\webmagic-develop\webmagic-develop\webmagic-scripts\src\main\java\us\codecraft\webmagic\scripts\ScriptProcessorBuilder.java,us.codecraft.webmagic.scripts.ScriptProcessorBuilder,class,3,6,3,3,10,1,0,4,12,0.75,0.3809524,0.71428573,8,1,7,1,0,0,7,0,0,0,4,1,0,4,0,0,1,0,2,46,7,0,0,2,0,0,1,10,0,6,1,0,0,0,27,1,0
C:\PROJECTS\webmagic-develop\webmagic-develop\webmagic-extension\src\main\java\us\codecraft\webmagic\model\formatter\BasicTypeFormatter.java,us.codecraft.webmagic.model.formatter.BasicTypeFormatter$LongFormatter,innerclass,1,1,0,1,2,2,0,1,1,0.0,0.0,0.0,2,0,2,0,0,0,2,0,0,0,0,0,0,0,0,0,0,0,1,8,2,0,0,0,0,0,0,0,0,0,0,0,0,0,7,9,0
C:\PROJECTS\webmagic-develop\webmagic-develop\webmagic-core\src\main\java\us\codecraft\webmagic\downloader\HttpClientRequestContext.java,us.codecraft.webmagic.downloader.HttpClientRequestContext,class,2,7,5,2,4,1,0,0,2,0.5,0.33333334,0.33333334,4,0,4,0,0,0,4,0,0,0,2,0,0,2,0,0,0,0,0,16,2,0,0,0,0,0,0,2,0,2,0,0,0,0,8,1,0
C:\PROJECTS\webmagic-develop\webmagic-develop\webmagic-core\src\main\java\us\codecraft\webmagic\selector\LinksSelector.java,us.codecraft.webmagic.selector.LinksSelector,class,3,5,2,3,7,2,0,6,10,0.0,0.0,0.0,5,0,5,0,0,0,5,0,0,0,0,0,0,0,0,0,0,0,0,27,2,1,0,0,0,3,0,2,0,2,2,0,0,0,22,1,0
C:\PROJECTS\webmagic-develop\webmagic-develop\webmagic-core\src\test\java\us\codecraft\webmagic\processor\PageProcessorTest.java,us.codecraft.webmagic.processor.PageProcessorTest$Anonymous2,anonymous,2,2,0,2,2,1,0,2,1,0.0,0.0,0.0,2,0,2,0,0,0,2,0,0,0,0,0,0,0,0,0,0,0,1,7,1,0,0,0,0,0,1,0,0,0,0,0,0,0,5,-1,0
C:\PROJECTS\webmagic-develop\webmagic-develop\webmagic-samples\src\main\java\us\codecraft\webmagic\samples\AngularJSProcessor.java,us.codecraft.webmagic.samples.AngularJSProcessor,class,7,8,1,7,6,1,0,13,3,0.77777785,0.0,0.0,3,1,3,0,0,0,3,0,0,0,3,2,0,3,0,0,2,0,2,25,1,1,0,0,0,9,0,4,1,4,3,0,0,0,29,1,0
C:\PROJECTS\webmagic-develop\webmagic-develop\webmagic-core\src\test\java\us\codecraft\webmagic\processor\PageProcessorTest.java,us.codecraft.webmagic.processor.PageProcessorTest$Anonymous1,anonymous,1,1,0,1,1,1,0,0,0,0.0,NaN,NaN,1,0,1,0,0,0,1,0,0,0,0,0,0,0,0,0,0,0,0,4,0,0,0,0,0,0,0,0,0,0,0,0,0,0,3,-1,0
C:\PROJECTS\webmagic-develop\webmagic-develop\webmagic-core\src\test\java\us\codecraft\webmagic\selector\ExtractorsTest.java,us.codecraft.webmagic.selector.ExtractorsTest,class,6,6,0,6,2,1,0,13,0,0.25,1.0,1.0,2,0,2,0,0,0,2,0,0,0,2,0,0,0,0,2,0,0,12,18,0,0,0,0,0,24,1,3,0,3,0,0,0,0,21,1,0
C:\PROJECTS\webmagic-develop\webmagic-develop\webmagic-samples\src\main\java\us\codecraft\webmagic\samples\AmanzonPageProcessor.java,us.codecraft.webmagic.samples.AmanzonPageProcessor,class,8,9,1,8,6,1,0,11,3,0.0,0.0,0.0,3,1,3,0,0,0,3,0,0,0,0,0,0,0,0,0,0,0,3,24,1,1,1,0,0,7,2,7,1,7,2,0,0,0,25,1,0
C:\PROJECTS\webmagic-develop\webmagic-develop\webmagic-extension\src\test\java\us\codecraft\webmagic\model\PageModelExtractorTest.java,us.codecraft.webmagic.model.PageModelExtractorTest$ModelUrl,innerclass,1,1,0,1,0,1,0,0,0,NaN,-1.0,-1.0,0,0,0,0,0,0,0,0,0,0,1,0,0,1,0,0,0,0,0,3,0,0,0,0,0,1,0,0,0,1,0,0,0,0,4,9,0
C:\PROJECTS\webmagic-develop\webmagic-develop\webmagic-core\src\main\java\us\codecraft\webmagic\selector\ReplaceSelector.java,us.codecraft.webmagic.selector.ReplaceSelector,class,1,2,1,1,5,1,0,3,0,0.41666666,0.5,0.5,4,0,4,0,0,0,4,0,0,0,3,0,0,3,0,0,0,0,1,25,2,0,0,1,0,2,0,4,1,4,1,0,0,0,20,1,0
C:\PROJECTS\webmagic-develop\webmagic-develop\webmagic-extension\src\main\java\us\codecraft\webmagic\model\FieldExtractor.java,us.codecraft.webmagic.model.FieldExtractor,class,4,5,1,4,9,2,0,0,30,0.77777785,0.083333336,0.083333336,9,0,1,0,0,8,9,0,0,0,3,0,0,3,0,0,1,0,0,33,6,0,0,0,0,0,0,3,0,3,0,0,0,0,23,0,0
C:\PROJECTS\webmagic-develop\webmagic-develop\webmagic-core\src\main\java\us\codecraft\webmagic\downloader\AbstractDownloader.java,us.codecraft.webmagic.downloader.AbstractDownloader,class,7,12,5,7,6,1,3,8,15,0.0,0.0,0.0,6,0,2,0,4,0,6,0,0,0,0,0,0,0,0,0,0,0,1,19,2,0,0,0,0,0,0,1,0,1,0,0,0,0,29,1025,0
C:\PROJECTS\webmagic-develop\webmagic-develop\webmagic-extension\src\test\java\us\codecraft\webmagic\monitor\SeedUrlWithPortTest.java,us.codecraft.webmagic.monitor.TempProcessor,class,3,4,1,3,2,1,0,1,1,0.0,0.0,0.0,2,0,2,0,0,0,2,0,0,0,0,0,0,0,0,0,0,0,1,7,1,0,0,0,0,0,0,0,0,0,0,0,0,0,7,0,0
C:\PROJECTS\webmagic-develop\webmagic-develop\webmagic-extension\src\main\java\us\codecraft\webmagic\model\Extractor.java,us.codecraft.webmagic.model.Extractor,class,2,4,2,2,6,1,1,0,3,0.62500006,0.4,1.0,6,0,1,0,0,5,6,0,0,0,4,0,0,0,4,0,3,0,0,28,4,0,0,0,0,0,0,5,0,4,0,0,1,0,19,0,0
C:\PROJECTS\webmagic-develop\webmagic-develop\webmagic-core\src\test\java\us\codecraft\webmagic\downloader\HttpClientDownloaderTest.java,us.codecraft.webmagic.downloader.HttpClientDownloaderTest$Anonymous3,anonymous,4,4,0,4,1,1,0,8,0,0.0,NaN,NaN,1,0,1,0,0,0,1,0,0,0,0,0,0,0,0,0,0,0,1,10,0,0,0,0,0,4,0,3,0,3,0,0,0,0,12,-1,0
C:\PROJECTS\webmagic-develop\webmagic-develop\webmagic-extension\src\main\java\us\codecraft\webmagic\example\BaiduBaike.java,us.codecraft.webmagic.example.BaiduBaike,class,5,6,1,5,5,1,0,9,2,0.5,0.33333334,0.5,4,1,4,0,0,0,4,0,0,0,2,0,0,2,0,0,0,0,6,29,3,1,0,0,0,11,1,5,2,7,1,0,0,0,30,1,0
C:\PROJECTS\webmagic-develop\webmagic-develop\webmagic-core\src\main\java\us\codecraft\webmagic\selector\Json.java,us.codecraft.webmagic.selector.Json,class,7,10,3,7,8,3,0,8,15,0.0,0.0,0.0,6,0,6,0,0,0,6,0,0,0,0,0,0,0,0,0,0,0,0,33,6,0,2,0,0,0,0,4,0,4,1,0,0,0,36,1,0
C:\PROJECTS\webmagic-develop\webmagic-develop\webmagic-core\src\test\java\us\codecraft\webmagic\downloader\HttpClientDownloaderTest.java,us.codecraft.webmagic.downloader.HttpClientDownloaderTest$Anonymous2,anonymous,6,6,0,6,1,1,0,16,0,0.0,NaN,NaN,1,0,1,0,0,0,1,0,0,0,0,0,0,0,0,0,0,0,1,28,0,0,0,0,0,14,0,8,2,3,0,0,0,0,13,-1,0
C:\PROJECTS\webmagic-develop\webmagic-develop\webmagic-core\src\test\java\us\codecraft\webmagic\downloader\HttpClientDownloaderTest.java,us.codecraft.webmagic.downloader.HttpClientDownloaderTest$Anonymous5,anonymous,4,4,0,4,1,1,0,8,0,0.0,NaN,NaN,1,0,1,0,0,0,1,0,0,0,0,0,0,0,0,0,0,0,1,10,0,0,0,0,0,4,0,3,0,3,0,0,0,0,12,-1,0
C:\PROJECTS\webmagic-develop\webmagic-develop\webmagic-core\src\test\java\us\codecraft\webmagic\downloader\HttpClientDownloaderTest.java,us.codecraft.webmagic.downloader.HttpClientDownloaderTest$Anonymous4,anonymous,4,4,0,4,1,1,0,9,0,0.0,NaN,NaN,1,0,1,0,0,0,1,0,0,0,0,0,0,0,0,0,0,0,1,10,0,0,0,0,0,4,0,3,0,3,0,0,0,0,13,-1,0
C:\PROJECTS\webmagic-develop\webmagic-develop\webmagic-selenium\src\test\java\us\codecraft\webmagic\samples\GooglePlayProcessor.java,us.codecraft.webmagic.samples.GooglePlayProcessor,class,8,9,1,8,4,1,0,12,3,0.6666667,0.0,0.0,3,1,3,0,0,0,3,0,0,0,1,0,0,1,0,0,0,0,2,15,1,0,1,0,0,4,2,1,0,1,1,0,0,0,33,1,0
C:\PROJECTS\webmagic-develop\webmagic-develop\webmagic-core\src\test\java\us\codecraft\webmagic\downloader\HttpClientDownloaderTest.java,us.codecraft.webmagic.downloader.HttpClientDownloaderTest$Anonymous7,anonymous,4,4,0,4,1,1,0,9,0,0.0,NaN,NaN,1,0,1,0,0,0,1,0,0,0,0,0,0,0,0,0,0,0,1,10,0,0,0,0,0,5,0,4,0,4,0,0,0,0,14,-1,0
C:\PROJECTS\webmagic-develop\webmagic-develop\webmagic-core\src\test\java\us\codecraft\webmagic\downloader\HttpClientDownloaderTest.java,us.codecraft.webmagic.downloader.HttpClientDownloaderTest$Anonymous6,anonymous,4,4,0,4,1,1,0,8,0,0.0,NaN,NaN,1,0,1,0,0,0,1,0,0,0,0,0,0,0,0,0,0,0,1,9,0,0,0,0,0,4,0,3,0,3,0,0,0,0,12,-1,0
C:\PROJECTS\webmagic-develop\webmagic-develop\webmagic-core\src\test\java\us\codecraft\webmagic\downloader\HttpClientDownloaderTest.java,us.codecraft.webmagic.downloader.HttpClientDownloaderTest$Anonymous9,anonymous,6,6,0,6,1,1,0,9,0,0.0,NaN,NaN,1,0,1,0,0,0,1,0,0,0,0,0,0,0,0,0,0,0,2,10,0,0,0,0,0,5,1,3,0,3,0,0,0,0,13,-1,0
C:\PROJECTS\webmagic-develop\webmagic-develop\webmagic-core\src\main\java\us\codecraft\webmagic\selector\Selectable.java,us.codecraft.webmagic.selector.Selectable,interface,2,43,41,2,18,1,0,0,153,0.0,0.0,0.0,18,0,18,0,0,0,18,0,0,0,0,0,0,0,0,0,0,0,0,20,0,0,0,0,0,0,0,0,0,0,0,0,0,0,49,1,0
C:\PROJECTS\webmagic-develop\webmagic-develop\webmagic-core\src\test\java\us\codecraft\webmagic\downloader\HttpClientDownloaderTest.java,us.codecraft.webmagic.downloader.HttpClientDownloaderTest$Anonymous8,anonymous,4,4,0,4,1,1,0,7,0,0.0,NaN,NaN,1,0,1,0,0,0,1,0,0,0,0,0,0,0,0,0,0,0,1,9,0,0,0,0,0,2,0,3,0,3,0,0,0,0,12,-1,0
C:\PROJECTS\webmagic-develop\webmagic-develop\webmagic-core\src\main\java\us\codecraft\webmagic\selector\PlainText.java,us.codecraft.webmagic.selector.PlainText,class,3,15,12,3,11,2,1,5,39,0.7,0.06666667,0.06666667,10,1,9,0,1,0,10,0,0,0,1,0,0,0,1,0,0,0,1,38,3,1,0,0,0,5,0,3,0,2,1,0,0,0,48,1,0
C:\PROJECTS\webmagic-develop\webmagic-develop\webmagic-core\src\test\java\us\codecraft\webmagic\example\GithubRepoPageProcessorTest.java,us.codecraft.webmagic.example.GithubRepoPageProcessorTest$Anonymous1,anonymous,2,2,0,2,1,1,0,4,0,0.0,NaN,NaN,1,0,1,0,0,0,1,0,0,0,0,0,0,0,0,0,0,0,0,6,0,0,0,0,2,4,0,0,0,0,0,0,0,0,7,-1,0
C:\PROJECTS\webmagic-develop\webmagic-develop\webmagic-core\src\main\java\us\codecraft\webmagic\scheduler\DuplicateRemovedScheduler.java,us.codecraft.webmagic.scheduler.DuplicateRemovedScheduler,class,7,17,10,7,10,1,5,12,9,0.6666666,0.2,0.2,6,0,3,0,3,0,6,0,0,0,2,0,0,1,1,0,0,0,0,26,4,0,1,0,0,2,0,3,0,2,1,0,0,0,38,1025,2
C:\PROJECTS\webmagic-develop\webmagic-develop\webmagic-core\src\main\java\us\codecraft\webmagic\pipeline\FilePipeline.java,us.codecraft.webmagic.pipeline.FilePipeline,class,6,11,5,6,7,2,0,16,3,0.6666667,0.0,0.0,3,0,3,0,0,0,3,0,0,0,1,0,0,1,0,0,0,0,0,32,0,2,0,1,0,7,0,4,5,4,4,0,0,0,47,1,1
C:\PROJECTS\webmagic-develop\webmagic-develop\webmagic-extension\src\test\java\us\codecraft\webmagic\processor\GithubRepoProcessor.java,us.codecraft.webmagic.processor.GithubRepoProcessor$Anonymous1,anonymous,2,2,0,2,1,1,0,3,0,0.0,NaN,NaN,1,0,1,0,0,0,1,0,0,0,0,0,0,0,0,0,0,0,0,6,0,0,0,0,2,4,0,0,0,0,0,0,0,0,5,-1,0
C:\PROJECTS\webmagic-develop\webmagic-develop\webmagic-core\src\test\java\us\codecraft\webmagic\downloader\HttpUriRequestConverterTest.java,us.codecraft.webmagic.downloader.HttpUriRequestConverterTest,class,6,6,0,6,1,1,0,7,0,0.0,NaN,NaN,1,0,1,0,0,0,1,0,0,0,0,0,0,0,0,0,0,0,2,7,0,0,0,0,0,2,0,2,0,2,0,0,0,0,21,1,0
C:\PROJECTS\webmagic-develop\webmagic-develop\webmagic-extension\src\main\java\us\codecraft\webmagic\model\OOSpider.java,us.codecraft.webmagic.model.OOSpider,class,10,29,19,10,11,2,0,7,14,0.6875,0.25,0.53571427,8,2,6,0,2,0,8,0,0,0,4,0,0,4,0,0,0,0,1,44,5,2,1,0,0,0,1,3,0,4,2,0,0,0,66,1,0
C:\PROJECTS\webmagic-develop\webmagic-develop\webmagic-core\src\main\java\us\codecraft\webmagic\downloader\Downloader.java,us.codecraft.webmagic.downloader.Downloader,interface,3,8,5,3,2,1,0,0,1,0.0,0.0,0.0,2,0,2,0,0,0,2,0,0,0,0,0,0,0,0,0,0,0,0,4,0,0,0,0,0,0,0,0,0,0,0,0,0,0,47,1,0
C:\PROJECTS\webmagic-develop\webmagic-develop\webmagic-scripts\src\main\java\us\codecraft\webmagic\scripts\ScriptConsole.java,us.codecraft.webmagic.scripts.ScriptConsole,class,14,15,1,14,21,1,0,44,15,0.0,NaN,NaN,6,6,1,5,0,0,1,0,0,0,0,0,0,0,0,0,0,0,13,149,3,1,2,1,0,38,9,12,0,12,1,1,1,0,52,1,0
C:\PROJECTS\webmagic-develop\webmagic-develop\webmagic-extension\src\main\java\us\codecraft\webmagic\model\formatter\ObjectFormatterBuilder.java,us.codecraft.webmagic.model.formatter.ObjectFormatterBuilder,class,5,7,2,5,14,1,0,14,0,0.25,1.0,1.0,4,0,2,2,0,0,2,0,0,0,1,0,0,1,0,0,0,0,2,42,7,0,4,1,0,2,0,4,1,4,1,0,0,0,26,1,0
C:\PROJECTS\webmagic-develop\webmagic-develop\webmagic-samples\src\main\java\us\codecraft\webmagic\model\samples\OschinaAnswer.java,us.codecraft.webmagic.model.samples.OschinaAnswer,class,9,10,1,9,2,1,0,4,1,1.0,0.0,0.0,2,1,2,0,0,0,2,0,0,0,2,0,0,2,0,0,0,0,2,9,0,0,0,0,0,6,0,0,0,2,0,0,0,0,16,1,0
C:\PROJECTS\webmagic-develop\webmagic-develop\webmagic-core\src\test\java\us\codecraft\webmagic\pipeline\FilePipelineTest.java,us.codecraft.webmagic.pipeline.FilePipelineTest,class,6,6,0,6,2,1,0,3,0,0.0,1.0,1.0,2,1,2,0,0,0,2,0,0,0,2,2,0,2,0,0,0,0,0,23,0,0,0,0,0,3,0,4,0,4,0,1,0,0,18,1,0
C:\PROJECTS\webmagic-develop\webmagic-develop\webmagic-extension\src\main\java\us\codecraft\webmagic\configurable\ExpressionType.java,us.codecraft.webmagic.configurable.ExpressionType,enum,0,1,1,0,0,1,0,0,0,0.0,-1.0,-1.0,0,0,0,0,0,0,0,0,0,0,0,0,0,0,0,0,0,0,0,1,0,0,0,0,0,0,0,0,0,0,0,0,0,0,5,1,0
C:\PROJECTS\webmagic-develop\webmagic-develop\webmagic-extension\src\test\java\us\codecraft\webmagic\scheduler\RedisSchedulerTest.java,us.codecraft.webmagic.scheduler.RedisSchedulerTest$Anonymous1,anonymous,1,1,0,1,2,1,0,0,1,0.0,0.0,0.0,2,0,2,0,0,0,2,0,0,0,0,0,0,0,0,0,0,0,0,8,2,0,0,0,0,1,0,0,0,0,0,0,0,0,6,-1,0
C:\PROJECTS\webmagic-develop\webmagic-develop\webmagic-core\src\main\java\us\codecraft\webmagic\scheduler\PriorityScheduler.java,us.codecraft.webmagic.scheduler.PriorityScheduler,class,5,10,5,5,8,2,2,8,0,0.5625,0.5,0.5,4,0,4,0,0,0,4,0,0,1,4,1,1,3,0,0,1,0,0,44,5,0,3,0,0,0,3,6,0,5,1,2,0,0,37,1,0
C:\PROJECTS\webmagic-develop\webmagic-develop\webmagic-selenium\src\main\java\us\codecraft\webmagic\downloader\selenium\SeleniumDownloader.java,us.codecraft.webmagic.downloader.selenium.SeleniumDownloader,class,13,17,4,13,14,2,0,32,11,0.7714285,0.13333334,0.2,7,0,6,1,0,0,6,0,0,0,5,1,0,5,0,0,1,0,3,73,2,1,3,2,0,6,3,15,1,12,3,0,0,0,78,1,2
C:\PROJECTS\webmagic-develop\webmagic-develop\webmagic-extension\src\main\java\us\codecraft\webmagic\model\annotation\ComboExtract.java,us.codecraft.webmagic.model.annotation.ComboExtract$Op,enum,0,0,0,0,0,1,0,0,0,0.0,-1.0,-1.0,0,0,0,0,0,0,0,0,0,0,0,0,0,0,0,0,0,0,0,3,0,0,0,0,0,0,0,0,0,0,0,0,0,0,22,9,0
C:\PROJECTS\webmagic-develop\webmagic-develop\webmagic-extension\src\test\java\us\codecraft\webmagic\SimpleHttpClientTest.java,us.codecraft.webmagic.SimpleHttpClientTest,class,6,6,0,6,1,1,0,4,0,0.0,NaN,NaN,1,0,1,0,0,0,1,0,0,0,0,0,0,0,0,0,0,0,1,46,0,0,0,0,0,1,0,1,0,1,0,0,1,0,10,1,0
C:\PROJECTS\webmagic-develop\webmagic-develop\webmagic-core\src\test\java\us\codecraft\webmagic\downloader\HttpClientDownloaderTest.java,us.codecraft.webmagic.downloader.HttpClientDownloaderTest$Anonymous1,anonymous,11,11,0,11,4,1,0,14,1,0.0,NaN,NaN,2,0,1,1,0,0,1,0,0,0,0,0,0,0,0,0,0,0,2,32,1,0,0,2,0,6,0,12,0,8,1,0,0,0,33,-1,0
C:\PROJECTS\webmagic-develop\webmagic-develop\webmagic-samples\src\main\java\us\codecraft\webmagic\samples\pipeline\OneFilePipeline.java,us.codecraft.webmagic.samples.pipeline.OneFilePipeline,class,6,7,1,6,6,2,0,13,1,0.6666667,0.33333334,0.33333334,3,0,3,0,0,0,3,0,0,1,2,0,0,2,0,0,0,0,0,27,0,2,0,0,0,5,0,3,3,3,3,0,0,0,32,1,0
C:\PROJECTS\webmagic-develop\webmagic-develop\webmagic-core\src\test\java\us\codecraft\webmagic\utils\UrlUtilsTest.java,us.codecraft.webmagic.utils.UrlUtilsTest,class,2,2,0,2,2,1,0,5,1,0.0,0.0,0.0,2,0,2,0,0,0,2,0,0,0,0,0,0,0,0,0,0,0,9,24,0,0,0,0,0,24,0,9,0,2,0,0,0,0,18,1,0
C:\PROJECTS\webmagic-develop\webmagic-develop\webmagic-samples\src\main\java\us\codecraft\webmagic\model\samples\DianpingFtlDataScanner.java,us.codecraft.webmagic.model.samples.DianpingFtlDataScanner,class,8,9,1,8,5,1,0,10,1,0.5,0.0,0.0,2,1,2,0,0,0,2,0,0,0,1,0,0,1,0,0,0,0,2,14,0,0,0,0,0,2,6,0,0,1,1,0,0,0,15,1,0
C:\PROJECTS\webmagic-develop\webmagic-develop\webmagic-extension\src\test\java\us\codecraft\webmagic\monitor\CustomSpiderStatus.java,us.codecraft.webmagic.monitor.CustomSpiderStatus,class,4,5,1,4,2,2,0,3,1,0.0,0.0,0.0,2,0,2,0,0,0,2,0,0,0,0,0,0,0,0,0,0,0,0,8,1,0,0,0,0,0,0,0,0,0,0,0,0,0,11,1,0
C:\PROJECTS\webmagic-develop\webmagic-develop\webmagic-core\src\main\java\us\codecraft\webmagic\proxy\Proxy.java,us.codecraft.webmagic.proxy.Proxy,class,1,10,9,1,36,1,0,18,5,0.5733334,0.48351648,0.72527474,15,1,14,1,0,0,14,0,0,0,5,0,0,5,0,0,0,0,1,102,17,0,20,2,3,2,15,24,8,14,2,0,0,0,46,1,0
C:\PROJECTS\webmagic-develop\webmagic-develop\webmagic-core\src\main\java\us\codecraft\webmagic\model\HttpRequestBody.java,us.codecraft.webmagic.model.HttpRequestBody,class,4,8,4,4,16,1,0,9,4,0.68750006,0.46969697,0.8333333,12,4,12,0,0,0,12,0,0,0,4,1,0,4,0,0,1,0,1,68,7,1,0,3,0,3,1,8,3,5,1,0,1,0,35,1,0
C:\PROJECTS\webmagic-develop\webmagic-develop\webmagic-core\src\main\java\us\codecraft\webmagic\selector\Selectors.java,us.codecraft.webmagic.selector.Selectors,class,7,13,6,7,9,1,0,0,36,0.0,0.0,0.0,9,9,9,0,0,0,9,0,0,0,0,0,0,0,0,0,0,0,0,29,9,0,0,0,0,0,0,0,0,0,0,0,0,0,23,1025,0
C:\PROJECTS\webmagic-develop\webmagic-develop\webmagic-samples\src\main\java\us\codecraft\webmagic\samples\scheduler\ZipCodePageProcessor.java,us.codecraft.webmagic.samples.scheduler.ZipCodePageProcessor,class,12,13,1,12,12,1,0,34,15,0.8333333,0.0,0.0,6,1,3,3,0,0,3,0,0,0,1,0,0,1,0,0,0,0,5,53,1,4,1,0,0,21,6,16,0,16,2,0,0,0,42,1,0
C:\PROJECTS\webmagic-develop\webmagic-develop\webmagic-core\src\main\java\us\codecraft\webmagic\utils\HttpConstant.java,us.codecraft.webmagic.utils.HttpConstant$Header,innerclass,0,0,0,0,0,1,0,0,0,NaN,-1.0,-1.0,0,0,0,0,0,0,0,0,0,0,2,2,2,0,0,0,2,0,0,4,0,0,0,0,0,2,0,2,0,2,0,0,0,0,11,1033,0
C:\PROJECTS\webmagic-develop\webmagic-develop\webmagic-core\src\main\java\us\codecraft\webmagic\selector\RegexResult.java,us.codecraft.webmagic.selector.RegexResult,class,1,3,2,1,4,1,0,0,1,0.6666667,0.33333334,0.33333334,3,0,3,0,0,0,3,0,0,0,2,1,1,1,0,0,1,0,0,15,2,0,1,0,0,0,0,2,0,2,1,0,0,0,23,0,0
C:\PROJECTS\webmagic-develop\webmagic-develop\webmagic-extension\src\main\java\us\codecraft\webmagic\model\Extractor.java,us.codecraft.webmagic.model.Extractor$Source,enum,0,0,0,0,0,1,0,0,0,0.0,-1.0,-1.0,0,0,0,0,0,0,0,0,0,0,0,0,0,0,0,0,0,0,0,1,0,0,0,0,0,0,0,0,0,0,0,0,0,0,4,8,0
C:\PROJECTS\webmagic-develop\webmagic-develop\webmagic-samples\src\main\java\us\codecraft\webmagic\samples\DiandianBlogProcessor.java,us.codecraft.webmagic.samples.DiandianBlogProcessor,class,5,5,0,5,3,1,0,13,1,0.5,0.0,0.0,2,0,2,0,0,0,2,0,0,0,1,0,0,1,0,0,0,0,1,17,1,0,1,0,0,11,0,2,0,2,1,0,0,0,28,1,0
C:\PROJECTS\webmagic-develop\webmagic-develop\webmagic-core\src\main\java\us\codecraft\webmagic\downloader\HttpClientGenerator.java,us.codecraft.webmagic.downloader.HttpClientGenerator$Anonymous1,anonymous,0,0,0,0,3,1,0,0,3,0.0,0.0,0.0,3,0,3,0,0,0,3,0,0,0,0,0,0,0,0,0,0,0,0,9,1,0,0,0,0,0,0,0,0,0,0,0,0,0,12,-1,0
C:\PROJECTS\webmagic-develop\webmagic-develop\webmagic-core\src\test\java\us\codecraft\webmagic\downloader\HttpClientDownloaderTest.java,us.codecraft.webmagic.downloader.HttpClientDownloaderTest,class,11,11,0,11,15,1,0,32,105,0.93333334,0.0,0.0,15,0,15,0,0,0,15,0,0,0,1,1,1,0,0,0,1,0,2,247,0,0,0,0,0,70,13,23,2,23,0,12,0,0,88,1,0
C:\PROJECTS\webmagic-develop\webmagic-develop\webmagic-core\src\test\java\us\codecraft\webmagic\downloader\SSLCompatibilityTest.java,us.codecraft.webmagic.downloader.SSLCompatibilityTest,class,6,6,0,6,1,1,0,7,0,0.0,NaN,NaN,1,0,1,0,0,0,1,0,0,0,0,0,0,0,0,0,0,0,1,9,0,0,0,0,0,1,1,4,0,4,0,0,0,0,19,1,0
C:\PROJECTS\webmagic-develop\webmagic-develop\webmagic-extension\src\main\java\us\codecraft\webmagic\model\ModelPipeline.java,us.codecraft.webmagic.model.ModelPipeline,class,6,8,2,6,8,1,0,9,1,0.33333334,0.33333334,0.33333334,3,0,3,0,0,0,3,0,0,0,1,0,0,1,0,0,0,0,0,26,1,2,2,0,1,0,0,4,0,4,4,0,0,0,27,0,0
C:\PROJECTS\webmagic-develop\webmagic-develop\webmagic-extension\src\test\java\us\codecraft\webmagic\MockPipeline.java,us.codecraft.webmagic.MockPipeline,class,3,3,0,3,1,1,0,0,0,0.0,NaN,NaN,1,0,1,0,0,0,1,0,0,0,0,0,0,0,0,0,0,0,0,4,0,0,0,0,0,0,0,0,0,0,0,0,0,0,7,1,0
C:\PROJECTS\webmagic-develop\webmagic-develop\webmagic-extension\src\test\java\us\codecraft\webmagic\monitor\SpiderMonitorTest.java,us.codecraft.webmagic.monitor.SpiderMonitorTest,class,5,5,0,5,1,1,0,4,0,0.0,NaN,NaN,1,0,1,0,0,0,1,0,0,0,0,0,0,0,0,0,0,0,2,13,0,0,0,0,0,2,1,3,0,3,0,1,0,0,15,1,0
C:\PROJECTS\webmagic-develop\webmagic-develop\webmagic-samples\src\main\java\us\codecraft\webmagic\samples\AlexanderMcqueenGoodsProcessor.java,us.codecraft.webmagic.samples.AlexanderMcqueenGoodsProcessor,class,9,10,1,9,5,1,0,20,3,0.6666667,0.0,0.0,3,1,3,0,0,0,3,0,0,0,3,2,2,1,0,0,2,0,2,30,1,0,1,0,0,30,5,3,2,3,2,0,0,0,32,1,0
C:\PROJECTS\webmagic-develop\webmagic-develop\webmagic-extension\src\main\java\us\codecraft\webmagic\model\PageMapper.java,us.codecraft.webmagic.model.PageMapper,class,3,6,3,3,3,1,0,2,0,0.33333334,1.0,1.0,3,0,3,0,0,0,3,0,0,0,2,0,0,2,0,0,0,0,1,14,2,0,0,0,0,0,0,2,0,2,0,0,0,0,9,1,0
C:\PROJECTS\webmagic-develop\webmagic-develop\webmagic-extension\src\main\java\us\codecraft\webmagic\utils\DoubleKeyMap.java,us.codecraft.webmagic.utils.DoubleKeyMap,class,5,7,2,5,16,2,0,12,25,0.45454547,0.22222222,0.22222222,11,0,10,1,0,0,10,0,0,2,1,0,0,1,0,0,0,0,0,55,8,0,5,0,0,1,1,4,0,3,1,0,0,0,27,1,0
C:\PROJECTS\webmagic-develop\webmagic-develop\webmagic-core\src\main\java\us\codecraft\webmagic\downloader\HttpClientGenerator.java,us.codecraft.webmagic.downloader.HttpClientGenerator$Anonymous2,anonymous,2,2,0,2,2,1,0,2,0,0.0,NaN,NaN,1,0,1,0,0,0,1,0,0,0,0,0,0,0,0,0,0,0,0,7,0,0,0,0,0,3,0,0,0,0,1,0,0,0,8,-1,0
C:\PROJECTS\webmagic-develop\webmagic-develop\webmagic-extension\src\main\java\us\codecraft\webmagic\handler\PatternRequestMatcher.java,us.codecraft.webmagic.handler.PatternRequestMatcher,class,2,3,1,2,2,1,1,4,0,0.25,1.0,1.0,2,0,2,0,0,0,2,0,0,0,2,0,0,1,1,0,0,0,1,11,1,0,0,0,0,0,0,2,0,2,0,0,0,0,37,1025,0
C:\PROJECTS\webmagic-develop\webmagic-develop\webmagic-core\src\main\java\us\codecraft\webmagic\downloader\HttpClientDownloader.java,us.codecraft.webmagic.downloader.HttpClientDownloader,class,19,35,16,19,23,2,0,48,13,0.7619048,0.2,0.3,7,0,4,2,1,0,5,0,0,0,6,0,0,6,0,0,1,0,5,93,6,0,13,1,0,5,0,24,0,17,3,0,0,0,65,1,3
C:\PROJECTS\webmagic-develop\webmagic-develop\webmagic-extension\src\main\java\us\codecraft\webmagic\pipeline\JsonFilePipeline.java,us.codecraft.webmagic.pipeline.JsonFilePipeline,class,6,7,1,6,4,2,0,13,3,0.6666667,0.0,0.0,3,0,3,0,0,0,3,0,0,0,1,0,0,1,0,0,0,0,0,20,0,0,0,1,0,3,0,3,2,3,1,0,0,0,45,1,1
C:\PROJECTS\webmagic-develop\webmagic-develop\webmagic-extension\src\main\java\us\codecraft\webmagic\model\ModelPageProcessor.java,us.codecraft.webmagic.model.ModelPageProcessor,class,10,14,4,10,20,1,0,27,16,0.6666667,0.23809524,0.33333334,9,1,6,2,1,0,7,0,0,0,3,0,0,3,0,0,0,0,1,65,4,4,4,0,2,0,3,10,0,8,3,0,0,0,42,0,0
C:\PROJECTS\webmagic-develop\webmagic-develop\webmagic-core\src\test\java\us\codecraft\webmagic\downloader\MockGithubDownloader.java,us.codecraft.webmagic.downloader.MockGithubDownloader,class,5,9,4,5,3,1,0,8,1,0.0,0.0,0.0,2,0,2,0,0,0,2,0,0,0,0,0,0,0,0,0,0,0,1,17,1,0,0,1,0,3,0,2,0,2,1,0,0,0,26,1,0
C:\PROJECTS\webmagic-develop\webmagic-develop\webmagic-core\src\main\java\us\codecraft\webmagic\selector\AbstractSelectable.java,us.codecraft.webmagic.selector.AbstractSelectable,class,7,23,16,7,24,1,2,16,120,0.0,0.0,0.0,16,0,13,0,3,0,16,1,0,0,0,0,0,0,0,0,0,0,2,71,16,2,3,0,0,0,4,7,0,7,2,0,0,0,35,1025,0
C:\PROJECTS\webmagic-develop\webmagic-develop\webmagic-extension\src\main\java\us\codecraft\webmagic\example\MonitorExample.java,us.codecraft.webmagic.example.MonitorExample,class,4,4,0,4,1,1,0,5,0,0.0,NaN,NaN,1,1,1,0,0,0,1,0,0,0,0,0,0,0,0,0,0,0,4,10,0,0,0,0,0,2,0,2,0,2,0,0,0,0,14,1,0
C:\PROJECTS\webmagic-develop\webmagic-develop\webmagic-core\src\test\java\us\codecraft\webmagic\example\GithubRepoPageProcessorTest.java,us.codecraft.webmagic.example.GithubRepoPageProcessorTest,class,5,5,0,5,1,1,0,4,0,0.0,NaN,NaN,1,0,1,0,0,0,1,0,0,0,0,0,0,0,0,0,0,0,1,11,0,0,0,0,0,1,0,0,0,0,0,1,0,0,12,1,0
C:\PROJECTS\webmagic-develop\webmagic-develop\webmagic-extension\src\main\java\us\codecraft\webmagic\monitor\SpiderStatus.java,us.codecraft.webmagic.monitor.SpiderStatus,class,7,10,3,7,17,1,1,21,0,0.61538464,0.53846157,0.84615386,13,0,13,0,0,0,13,0,0,0,3,0,0,0,3,0,2,0,1,59,13,0,2,0,3,2,5,4,3,4,2,0,0,0,40,1,2
C:\PROJECTS\webmagic-develop\webmagic-develop\webmagic-samples\src\main\java\us\codecraft\webmagic\model\samples\OschinaBlog.java,us.codecraft.webmagic.model.samples.OschinaBlog,class,7,10,3,7,4,1,0,8,6,0.75,0.0,0.0,4,1,4,0,0,0,4,0,0,0,3,0,0,3,0,0,0,0,2,21,3,0,0,0,0,6,3,0,0,3,0,1,0,0,36,1,0
C:\PROJECTS\webmagic-develop\webmagic-develop\webmagic-scripts\src\main\java\us\codecraft\webmagic\scripts\ScriptConsole.java,us.codecraft.webmagic.scripts.ScriptConsole$Anonymous1,anonymous,2,2,0,2,1,1,0,0,0,0.0,NaN,NaN,1,0,1,0,0,0,1,0,0,0,0,0,0,0,0,0,0,0,0,4,0,0,0,0,0,0,0,0,0,0,0,0,0,0,5,-1,0
C:\PROJECTS\webmagic-develop\webmagic-develop\webmagic-samples\src\main\java\us\codecraft\webmagic\model\samples\News163.java,us.codecraft.webmagic.model.samples.News163,class,11,13,2,11,7,1,0,6,11,0.73333335,0.13333334,0.2,6,1,6,0,0,0,6,0,0,0,5,0,0,5,0,0,0,0,2,32,6,0,1,0,0,13,0,4,3,7,1,0,0,0,32,1,0
C:\PROJECTS\webmagic-develop\webmagic-develop\webmagic-core\src\main\java\us\codecraft\webmagic\scheduler\PriorityScheduler.java,us.codecraft.webmagic.scheduler.PriorityScheduler$Anonymous1,anonymous,2,2,0,2,1,1,0,2,0,0.0,NaN,NaN,1,0,1,0,0,0,1,0,0,0,0,0,0,0,0,0,0,0,1,5,1,0,0,0,0,0,0,0,0,0,0,0,0,0,3,-1,0
C:\PROJECTS\webmagic-develop\webmagic-develop\webmagic-core\src\main\java\us\codecraft\webmagic\Spider.java,us.codecraft.webmagic.Spider$Anonymous1,anonymous,1,1,0,1,2,1,0,6,0,0.0,NaN,NaN,1,0,1,0,0,0,1,0,0,0,0,0,0,0,0,0,0,0,0,16,0,0,0,1,0,2,0,0,1,0,1,0,0,0,12,-1,1
C:\PROJECTS\webmagic-develop\webmagic-develop\webmagic-core\src\main\java\us\codecraft\webmagic\scheduler\PriorityScheduler.java,us.codecraft.webmagic.scheduler.PriorityScheduler$Anonymous2,anonymous,2,2,0,2,1,1,0,2,0,0.0,NaN,NaN,1,0,1,0,0,0,1,0,0,0,0,0,0,0,0,0,0,0,1,5,1,0,0,0,0,0,0,0,0,0,0,0,0,0,3,-1,0
C:\PROJECTS\webmagic-develop\webmagic-develop\webmagic-core\src\main\java\us\codecraft\webmagic\selector\SmartContentSelector.java,us.codecraft.webmagic.selector.SmartContentSelector,class,2,4,2,2,18,1,0,15,3,0.0,0.0,0.0,3,0,3,0,0,0,3,0,0,0,0,0,0,0,0,0,0,0,1,62,1,4,5,0,0,17,19,29,8,16,4,0,0,0,38,1,0
C:\PROJECTS\webmagic-develop\webmagic-develop\webmagic-extension\src\test\java\us\codecraft\webmagic\model\PageModelExtractorTest.java,us.codecraft.webmagic.model.PageModelExtractorTest$ModelInt,innerclass,1,1,0,1,0,1,0,0,0,NaN,-1.0,-1.0,0,0,0,0,0,0,0,0,0,0,1,0,0,1,0,0,0,0,0,3,0,0,0,0,0,1,0,0,0,1,0,0,0,0,6,9,0
C:\PROJECTS\webmagic-develop\webmagic-develop\webmagic-core\src\test\java\us\codecraft\webmagic\selector\JsonTest.java,us.codecraft.webmagic.selector.JsonTest,class,3,3,0,3,2,1,0,5,1,0.5,0.0,0.0,2,0,2,0,0,0,2,0,0,0,2,0,0,2,0,0,0,0,0,12,0,0,0,0,0,8,0,4,0,4,0,0,0,0,16,1,0
C:\PROJECTS\webmagic-develop\webmagic-develop\webmagic-core\src\main\java\us\codecraft\webmagic\utils\UrlUtils.java,us.codecraft.webmagic.utils.UrlUtils,class,2,10,8,2,20,1,0,24,41,0.8,0.0,0.0,10,10,10,0,0,0,10,0,0,0,2,2,0,2,0,0,1,0,5,80,14,2,1,2,0,14,9,17,1,14,2,0,0,0,53,1,0
C:\PROJECTS\webmagic-develop\webmagic-develop\webmagic-extension\src\test\java\us\codecraft\webmagic\model\PageModelExtractorTest.java,us.codecraft.webmagic.model.PageModelExtractorTest$ModelDateList,innerclass,2,2,0,2,0,1,0,0,0,NaN,-1.0,-1.0,0,0,0,0,0,0,0,0,0,0,1,0,0,1,0,0,0,0,0,3,0,0,0,0,0,2,0,0,0,1,0,0,0,0,7,9,0
C:\PROJECTS\webmagic-develop\webmagic-develop\webmagic-core\src\main\java\us\codecraft\webmagic\downloader\HttpUriRequestConverter.java,us.codecraft.webmagic.downloader.HttpUriRequestConverter,class,19,25,6,19,25,1,0,51,10,0.0,NaN,NaN,5,0,1,4,0,0,1,0,0,0,0,0,0,0,0,0,0,0,3,79,10,3,9,0,0,1,0,10,1,10,2,0,0,0,47,1,0
C:\PROJECTS\webmagic-develop\webmagic-develop\webmagic-core\src\test\java\us\codecraft\webmagic\SpiderTest.java,us.codecraft.webmagic.SpiderTest$Anonymous1,anonymous,2,2,0,2,1,1,0,1,0,0.0,NaN,NaN,1,0,1,0,0,0,1,0,0,0,0,0,0,0,0,0,0,0,0,5,0,0,0,0,0,0,1,0,0,0,0,0,0,0,5,-1,0
C:\PROJECTS\webmagic-develop\webmagic-develop\webmagic-extension\src\main\java\us\codecraft\webmagic\MultiPageModel.java,us.codecraft.webmagic.MultiPageModel,interface,2,6,4,2,4,1,0,0,6,0.0,0.0,0.0,4,0,4,0,0,0,4,0,0,0,0,0,0,0,0,0,0,0,0,6,0,0,0,0,0,0,0,0,0,0,0,0,0,0,42,1,0
C:\PROJECTS\webmagic-develop\webmagic-develop\webmagic-extension\src\main\java\us\codecraft\webmagic\handler\CompositePageProcessor.java,us.codecraft.webmagic.handler.CompositePageProcessor,class,7,9,2,7,11,1,0,4,3,0.5,0.4,0.4,6,0,6,0,0,0,6,0,0,0,2,0,0,2,0,0,0,0,0,35,5,2,2,0,0,0,0,5,0,3,3,0,0,0,16,1,0
C:\PROJECTS\webmagic-develop\webmagic-develop\webmagic-extension\src\main\java\us\codecraft\webmagic\monitor\SpiderMonitor.java,us.codecraft.webmagic.monitor.SpiderMonitor$MonitorSpiderListener,innerclass,2,2,0,2,5,1,0,4,4,0.6,0.3,0.4,5,0,5,0,0,0,5,0,0,0,3,0,0,3,0,0,2,0,1,21,3,0,0,0,0,0,2,3,0,3,0,0,0,0,17,1,0
C:\PROJECTS\webmagic-develop\webmagic-develop\webmagic-extension\src\main\java\us\codecraft\webmagic\model\formatter\BasicTypeFormatter.java,us.codecraft.webmagic.model.formatter.BasicTypeFormatter,class,11,21,10,11,21,9,0,4,6,0.75,0.0,0.0,4,1,3,0,1,0,4,1,0,0,1,1,1,0,0,0,1,0,1,104,11,0,1,0,0,0,0,2,0,1,1,0,8,0,20,1025,0
C:\PROJECTS\webmagic-develop\webmagic-develop\webmagic-core\src\main\java\us\codecraft\webmagic\proxy\SimpleProxyProvider.java,us.codecraft.webmagic.proxy.SimpleProxyProvider,class,5,8,3,5,9,1,0,8,0,0.4166667,0.5,0.5,6,1,4,2,0,0,4,0,0,0,2,0,0,2,0,0,2,0,1,34,4,2,0,0,0,0,1,6,2,5,1,0,0,0,37,1,0
C:\PROJECTS\webmagic-develop\webmagic-develop\webmagic-extension\src\test\java\us\codecraft\webmagic\model\GithubRepoApi.java,us.codecraft.webmagic.model.GithubRepoApi,class,1,2,1,1,1,1,0,0,0,0.0,NaN,NaN,1,0,1,0,0,0,1,0,0,0,1,0,0,1,0,0,0,0,0,6,1,0,0,0,0,1,0,0,0,1,0,0,0,0,7,1,0
C:\PROJECTS\webmagic-develop\webmagic-develop\webmagic-extension\src\main\java\us\codecraft\webmagic\model\formatter\ObjectFormatters.java,us.codecraft.webmagic.model.formatter.ObjectFormatters,class,3,5,2,3,6,1,0,5,0,0.0,0.33333334,0.33333334,2,2,2,0,0,0,3,0,0,0,1,1,0,1,0,0,0,0,2,23,1,1,0,1,0,0,0,1,0,1,1,0,0,0,17,1,0
C:\PROJECTS\webmagic-develop\webmagic-develop\webmagic-extension\src\main\java\us\codecraft\webmagic\scheduler\RedisPriorityScheduler.java,us.codecraft.webmagic.scheduler.RedisPriorityScheduler,class,7,9,2,7,19,3,0,28,53,0.8909091,0.0,0.0,11,0,4,6,1,0,5,0,0,1,5,5,0,5,0,0,5,0,0,85,8,0,2,3,0,5,10,19,3,16,3,0,0,0,63,1,0
C:\PROJECTS\webmagic-develop\webmagic-develop\webmagic-core\src\main\java\us\codecraft\webmagic\utils\CharsetUtils.java,us.codecraft.webmagic.utils.CharsetUtils,class,6,9,3,6,7,1,0,13,0,0.0,NaN,NaN,1,1,1,0,0,0,1,0,0,0,1,1,0,1,0,0,0,0,2,32,2,1,1,0,0,8,2,11,0,8,3,0,0,0,22,1025,2
C:\PROJECTS\webmagic-develop\webmagic-develop\webmagic-core\src\test\java\us\codecraft\webmagic\SpiderTest.java,us.codecraft.webmagic.SpiderTest$Anonymous4,anonymous,2,2,0,2,4,1,0,2,1,0.5,0.0,0.0,2,0,2,0,0,0,2,0,0,1,2,0,0,2,0,0,0,0,0,15,3,0,0,0,0,1,3,2,0,2,1,0,0,0,11,-1,0
C:\PROJECTS\webmagic-develop\webmagic-develop\webmagic-extension\src\main\java\us\codecraft\webmagic\monitor\SpiderMonitor.java,us.codecraft.webmagic.monitor.SpiderMonitor,class,8,13,5,8,8,1,0,10,11,0.7083334,0.13333334,0.13333334,6,1,2,0,4,0,6,0,0,1,4,1,0,4,0,0,1,0,2,61,4,1,1,0,0,2,0,8,1,8,2,0,1,0,34,1,0
C:\PROJECTS\webmagic-develop\webmagic-develop\webmagic-core\src\test\java\us\codecraft\webmagic\SpiderTest.java,us.codecraft.webmagic.SpiderTest$Anonymous3,anonymous,3,3,0,3,2,1,0,1,1,0.0,0.0,0.0,2,0,2,0,0,0,2,0,0,0,0,0,0,0,0,0,0,0,0,7,1,0,0,0,0,1,0,0,0,0,0,0,0,0,9,-1,0
C:\PROJECTS\webmagic-develop\webmagic-develop\webmagic-core\src\test\java\us\codecraft\webmagic\SpiderTest.java,us.codecraft.webmagic.SpiderTest$Anonymous2,anonymous,2,2,0,2,2,1,0,3,1,1.0,0.0,0.0,2,0,2,0,0,0,2,0,0,0,1,0,0,1,0,0,0,0,1,9,1,0,0,0,0,0,1,1,0,1,0,0,0,0,9,-1,0
C:\PROJECTS\webmagic-develop\webmagic-develop\webmagic-extension\src\main\java\us\codecraft\webmagic\model\PageModelExtractor.java,us.codecraft.webmagic.model.PageModelExtractor,class,24,28,4,24,85,1,0,82,34,0.8161764,0.14285715,0.14285715,17,2,3,9,0,5,8,0,0,0,8,0,0,8,0,0,0,0,11,322,23,7,30,3,2,23,1,75,2,47,5,0,0,0,95,0,5
C:\PROJECTS\webmagic-develop\webmagic-develop\webmagic-core\src\main\java\us\codecraft\webmagic\scheduler\component\HashSetDuplicateRemover.java,us.codecraft.webmagic.scheduler.component.HashSetDuplicateRemover,class,4,7,3,4,4,1,0,6,0,0.25,0.5,0.5,4,0,3,0,1,0,4,0,0,0,1,0,0,1,0,0,0,0,1,15,3,0,0,0,0,0,0,1,0,1,0,0,0,0,17,1,0
C:\PROJECTS\webmagic-develop\webmagic-develop\webmagic-extension\src\main\java\us\codecraft\webmagic\handler\RequestMatcher.java,us.codecraft.webmagic.handler.RequestMatcher$MatchOther,enum,0,0,0,0,0,1,0,0,0,0.0,-1.0,-1.0,0,0,0,0,0,0,0,0,0,0,0,0,0,0,0,0,0,0,0,1,0,0,0,0,0,0,0,0,0,0,0,0,0,0,5,1,0
C:\PROJECTS\webmagic-develop\webmagic-develop\webmagic-scripts\src\main\java\us\codecraft\webmagic\scripts\ScriptConsole.java,us.codecraft.webmagic.scripts.ScriptConsole$Params,innerclass,2,2,0,2,14,1,0,6,41,0.8181818,0.0,0.0,11,0,1,10,0,0,2,0,0,0,6,1,0,1,0,5,0,0,2,50,6,1,0,0,0,8,2,10,0,6,2,0,0,0,24,10,0
C:\PROJECTS\webmagic-develop\webmagic-develop\webmagic-core\src\test\java\us\codecraft\webmagic\scheduler\PrioritySchedulerTest.java,us.codecraft.webmagic.scheduler.PrioritySchedulerTest$Anonymous1,anonymous,1,1,0,1,2,1,0,0,1,0.0,0.0,0.0,2,0,2,0,0,0,2,0,0,0,0,0,0,0,0,0,0,0,0,8,2,0,0,0,0,1,0,0,0,0,0,0,0,0,6,-1,0
C:\PROJECTS\webmagic-develop\webmagic-develop\webmagic-samples\src\main\java\us\codecraft\webmagic\samples\MeicanProcessor.java,us.codecraft.webmagic.samples.MeicanProcessor,class,7,8,1,7,4,1,0,16,3,0.0,0.0,0.0,3,1,3,0,0,0,3,0,0,0,0,0,0,0,0,0,0,0,2,18,1,0,0,0,0,10,3,2,0,1,1,0,0,0,30,1,0
C:\PROJECTS\webmagic-develop\webmagic-develop\webmagic-samples\src\main\java\us\codecraft\webmagic\samples\TianyaPageProcesser.java,us.codecraft.webmagic.samples.TianyaPageProcesser,class,6,6,0,6,2,1,0,9,1,0.0,0.0,0.0,2,0,2,0,0,0,2,0,0,0,0,0,0,0,0,0,0,0,1,11,1,0,0,0,0,5,0,1,0,1,0,0,0,0,11,1,0
C:\PROJECTS\webmagic-develop\webmagic-develop\webmagic-samples\src\test\java\us\codecraft\webmagic\SpiderTest.java,SpiderTest,class,7,7,0,7,4,1,0,10,6,0.0,0.0,0.0,4,0,4,0,0,0,4,0,0,0,0,0,0,0,0,0,0,0,0,17,0,0,0,0,0,4,1,2,0,2,0,0,0,0,30,1,0
C:\PROJECTS\webmagic-develop\webmagic-develop\webmagic-core\src\main\java\us\codecraft\webmagic\Page.java,us.codecraft.webmagic.Page,class,8,82,74,8,42,1,0,13,299,0.86944443,0.15632184,0.8689655,30,1,30,0,0,0,30,0,0,0,12,0,0,12,0,0,0,0,4,130,17,2,2,0,0,18,0,19,2,13,2,0,0,0,80,1,0
C:\PROJECTS\webmagic-develop\webmagic-develop\webmagic-samples\src\main\java\us\codecraft\webmagic\samples\DiaoyuwengProcessor.java,us.codecraft.webmagic.samples.DiaoyuwengProcessor,class,9,10,1,9,5,1,0,19,3,0.6666667,0.0,0.0,3,1,3,0,0,0,3,0,0,0,1,0,0,1,0,0,0,0,2,24,1,0,1,0,0,16,1,3,1,2,1,0,0,0,41,1,0
C:\PROJECTS\webmagic-develop\webmagic-develop\webmagic-extension\src\test\java\us\codecraft\webmagic\scheduler\RedisPrioritySchedulerTest.java,us.codecraft.webmagic.scheduler.RedisPrioritySchedulerTest$Anonymous1,anonymous,1,1,0,1,2,1,0,0,1,0.0,0.0,0.0,2,0,2,0,0,0,2,0,0,0,0,0,0,0,0,0,0,0,0,8,2,0,0,0,0,1,0,0,0,0,0,0,0,0,6,-1,0
C:\PROJECTS\webmagic-develop\webmagic-develop\webmagic-extension\src\main\java\us\codecraft\webmagic\handler\RequestMatcher.java,us.codecraft.webmagic.handler.RequestMatcher,interface,1,6,5,1,1,1,0,0,0,0.0,NaN,NaN,1,0,1,0,0,0,1,0,0,0,0,0,0,0,0,0,0,0,0,4,0,0,0,0,0,0,0,0,0,0,0,0,1,0,21,1,0
C:\PROJECTS\webmagic-develop\webmagic-develop\webmagic-extension\src\test\java\us\codecraft\webmagic\model\ModelPageProcessorTest.java,us.codecraft.webmagic.model.ModelPageProcessorTest$ModelBar,innerclass,2,2,0,2,0,1,0,0,0,NaN,-1.0,-1.0,0,0,0,0,0,0,0,0,0,0,1,0,0,1,0,0,0,0,0,3,0,0,0,0,0,2,0,0,0,1,0,0,0,0,6,9,0
C:\PROJECTS\webmagic-develop\webmagic-develop\webmagic-core\src\main\java\us\codecraft\webmagic\downloader\HttpClientGenerator.java,us.codecraft.webmagic.downloader.HttpClientGenerator,class,15,18,3,15,15,1,0,46,15,0.71428573,0.33333334,0.33333334,7,0,3,4,0,0,3,0,0,0,2,0,0,2,0,0,0,0,2,99,7,3,1,1,0,16,1,14,0,15,2,2,0,1,63,1,2
C:\PROJECTS\webmagic-develop\webmagic-develop\webmagic-samples\src\main\java\us\codecraft\webmagic\samples\MamacnPageProcessor.java,us.codecraft.webmagic.samples.MamacnPageProcessor,class,9,10,1,9,5,1,0,23,3,0.6666667,0.0,0.0,3,1,3,0,0,0,3,0,0,0,1,0,0,1,0,0,0,0,2,22,1,1,1,0,0,13,3,3,0,3,1,0,0,0,35,1,0
C:\PROJECTS\webmagic-develop\webmagic-develop\webmagic-extension\src\main\java\us\codecraft\webmagic\utils\MultiKeyMapBase.java,us.codecraft.webmagic.utils.MultiKeyMapBase,class,2,3,1,2,5,1,1,1,1,0.6666667,0.33333334,0.33333334,3,0,2,0,1,0,3,0,0,0,2,1,0,1,1,0,1,0,0,20,1,0,0,1,0,5,0,3,2,2,1,0,0,0,30,1025,0
C:\PROJECTS\webmagic-develop\webmagic-develop\webmagic-core\src\main\java\us\codecraft\webmagic\processor\example\BaiduBaikePageProcessor.java,us.codecraft.webmagic.processor.example.BaiduBaikePageProcessor,class,9,10,1,9,4,1,0,18,3,0.6666667,0.0,0.0,3,1,3,0,0,0,3,0,0,0,1,0,0,1,0,0,0,0,7,26,1,1,0,0,0,11,3,6,0,6,1,0,0,0,31,1,0
C:\PROJECTS\webmagic-develop\webmagic-develop\webmagic-extension\src\main\java\us\codecraft\webmagic\model\PageModelCollectorPipeline.java,us.codecraft.webmagic.model.PageModelCollectorPipeline,class,6,7,1,6,7,1,0,6,0,0.33333334,0.6666667,1.0,3,0,2,0,0,1,3,0,0,1,2,0,0,2,0,0,2,0,0,25,1,1,2,0,1,0,0,5,0,5,3,0,0,0,23,0,0
C:\PROJECTS\webmagic-develop\webmagic-develop\webmagic-extension\src\test\java\us\codecraft\webmagic\model\PageMapperTest.java,us.codecraft.webmagic.model.PageMapperTest,class,4,4,0,4,1,1,0,5,0,0.0,NaN,NaN,1,0,1,0,0,0,1,0,0,0,1,0,0,1,0,0,0,0,0,8,0,0,0,0,0,1,0,3,0,3,0,0,0,0,14,1,0
C:\PROJECTS\webmagic-develop\webmagic-develop\webmagic-samples\src\main\java\us\codecraft\webmagic\samples\SinaBlogProcessor.java,us.codecraft.webmagic.samples.SinaBlogProcessor,class,7,10,3,7,4,1,0,17,3,0.6666667,0.0,0.0,3,1,3,0,0,0,3,0,0,0,3,2,2,1,0,0,2,0,2,22,1,0,0,0,0,13,1,3,0,3,1,0,0,0,35,1,0
C:\PROJECTS\webmagic-develop\webmagic-develop\webmagic-extension\src\test\java\us\codecraft\webmagic\scheduler\RedisSchedulerTest.java,us.codecraft.webmagic.scheduler.RedisSchedulerTest,class,7,7,0,7,2,1,0,5,0,0.0,1.0,1.0,2,0,2,0,0,0,2,0,0,0,1,0,0,1,0,0,0,0,0,22,0,0,0,0,0,5,0,4,0,4,0,1,0,0,19,1,0
C:\PROJECTS\webmagic-develop\webmagic-develop\webmagic-samples\src\test\java\us\codecraft\webmagic\samples\scheduler\DelayQueueSchedulerTest.java,us.codecraft.webmagic.samples.scheduler.DelayQueueSchedulerTest,class,4,4,0,4,2,1,0,4,0,0.0,NaN,NaN,1,0,1,0,0,0,1,0,0,0,0,0,0,0,0,0,0,0,1,10,0,1,0,0,0,3,1,2,1,2,1,0,0,0,10,1,0
C:\PROJECTS\webmagic-develop\webmagic-develop\webmagic-core\src\main\java\us\codecraft\webmagic\Spider.java,us.codecraft.webmagic.Spider$Status,enum,1,1,0,1,5,1,0,2,0,0.0,1.0,1.0,3,1,1,1,0,1,2,0,0,0,1,0,0,1,0,0,0,0,1,16,3,1,1,0,0,0,3,1,0,1,2,0,0,0,10,1,0
C:\PROJECTS\webmagic-develop\webmagic-develop\webmagic-core\src\test\java\us\codecraft\webmagic\pipeline\FilePipelineTest.java,us.codecraft.webmagic.pipeline.FilePipelineTest$Anonymous1,anonymous,1,1,0,1,2,1,0,2,1,0.0,0.0,0.0,2,0,2,0,0,0,2,0,0,0,0,0,0,0,0,0,0,0,1,8,2,0,0,0,0,0,0,0,0,0,0,0,0,0,6,-1,0
C:\PROJECTS\webmagic-develop\webmagic-develop\webmagic-samples\src\main\java\us\codecraft\webmagic\samples\F58PageProcesser.java,us.codecraft.webmagic.samples.F58PageProcesser,class,9,10,1,9,3,1,0,15,3,0.0,0.0,0.0,3,1,3,0,0,0,3,0,0,0,0,0,0,0,0,0,0,0,2,14,1,0,0,0,0,8,1,1,0,1,0,0,0,0,15,1,0
C:\PROJECTS\webmagic-develop\webmagic-develop\webmagic-samples\src\main\java\us\codecraft\webmagic\main\QuickStarter.java,us.codecraft.webmagic.main.QuickStarter,class,9,10,1,9,7,1,0,19,0,0.0,NaN,NaN,3,3,1,2,0,0,1,0,0,0,2,2,0,2,0,0,0,0,6,45,1,2,2,1,0,16,2,7,1,4,2,0,0,0,38,1,0
C:\PROJECTS\webmagic-develop\webmagic-develop\webmagic-core\src\test\java\us\codecraft\webmagic\SpiderTest.java,us.codecraft.webmagic.SpiderTest,class,9,10,1,9,4,1,0,12,3,0.0,0.0,0.0,3,0,2,1,0,0,2,0,0,0,0,0,0,0,0,0,0,0,5,57,0,1,0,0,0,5,7,3,1,3,1,4,0,0,19,1,0
C:\PROJECTS\webmagic-develop\webmagic-develop\webmagic-core\src\main\java\us\codecraft\webmagic\proxy\ProxyProvider.java,us.codecraft.webmagic.proxy.ProxyProvider,interface,3,6,3,3,2,1,0,0,1,0.0,0.0,0.0,2,0,0,0,0,2,2,0,0,0,0,0,0,0,0,0,0,0,0,4,0,0,0,0,0,0,0,0,0,0,0,0,0,0,25,1,0
C:\PROJECTS\webmagic-develop\webmagic-develop\webmagic-core\src\main\java\us\codecraft\webmagic\utils\FilePersistentBase.java,us.codecraft.webmagic.utils.FilePersistentBase,class,1,7,6,1,9,1,5,8,0,0.375,0.2,0.3,4,0,4,0,0,0,5,0,0,0,2,1,1,0,1,0,0,0,1,33,2,0,1,0,0,2,2,8,0,6,2,0,0,0,29,1,0
C:\PROJECTS\webmagic-develop\webmagic-develop\webmagic-core\src\main\java\us\codecraft\webmagic\selector\CssSelector.java,us.codecraft.webmagic.selector.CssSelector,class,6,12,6,6,21,2,0,16,18,0.61111116,0.25,0.35714287,9,0,7,1,1,0,8,0,0,0,2,0,0,2,0,0,0,0,0,71,13,2,3,0,0,3,2,10,0,9,3,0,0,0,31,1,0
C:\PROJECTS\webmagic-develop\webmagic-develop\webmagic-extension\src\main\java\us\codecraft\webmagic\utils\RequestUtils.java,us.codecraft.webmagic.utils.RequestUtils,class,1,2,1,1,4,1,0,10,0,0.0,NaN,NaN,1,1,1,0,0,0,1,0,0,0,1,1,0,1,0,0,0,0,6,19,3,1,0,0,0,1,3,6,2,6,1,0,0,0,14,1025,0
C:\PROJECTS\webmagic-develop\webmagic-develop\webmagic-samples\src\test\java\us\codecraft\webmagic\processor\SinablogProcessorTest.java,us.codecraft.webmagic.processor.SinablogProcessorTest,class,7,7,0,7,1,1,0,4,0,0.0,NaN,NaN,1,0,1,0,0,0,1,0,0,0,0,0,0,0,0,0,0,0,1,7,0,0,0,0,0,2,0,2,0,2,0,0,0,0,21,1,0
C:\PROJECTS\webmagic-develop\webmagic-develop\webmagic-extension\src\main\java\us\codecraft\webmagic\scheduler\RedisScheduler.java,us.codecraft.webmagic.scheduler.RedisScheduler,class,10,16,6,10,26,2,1,32,20,0.75,0.4181818,0.5090909,12,0,7,1,4,0,11,0,0,1,4,3,0,3,1,0,3,0,0,96,16,0,7,6,1,3,2,20,5,20,2,0,0,0,65,1,0
C:\PROJECTS\webmagic-develop\webmagic-develop\webmagic-core\src\main\java\us\codecraft\webmagic\selector\OrSelector.java,us.codecraft.webmagic.selector.OrSelector,class,1,4,3,1,8,1,0,4,0,0.0,1.0,1.0,4,0,4,0,0,0,4,0,0,0,1,0,0,1,0,0,0,0,0,28,3,3,1,0,0,0,0,5,0,4,2,0,0,0,20,1,0
C:\PROJECTS\webmagic-develop\webmagic-develop\webmagic-extension\src\test\java\us\codecraft\webmagic\model\PageModelExtractorTest.java,us.codecraft.webmagic.model.PageModelExtractorTest$ModelStringList,innerclass,1,1,0,1,0,1,0,0,0,NaN,-1.0,-1.0,0,0,0,0,0,0,0,0,0,0,1,0,0,1,0,0,0,0,0,3,0,0,0,0,0,1,0,0,0,1,0,0,0,0,5,9,0
C:\PROJECTS\webmagic-develop\webmagic-develop\webmagic-extension\src\test\java\us\codecraft\webmagic\scheduler\RedisPrioritySchedulerTest.java,us.codecraft.webmagic.scheduler.RedisPrioritySchedulerTest,class,7,7,0,7,2,1,0,8,0,0.0,1.0,1.0,2,0,2,0,0,0,2,0,0,0,1,0,0,1,0,0,0,0,0,36,0,0,0,0,0,17,3,8,0,8,0,1,0,0,22,1,0
C:\PROJECTS\webmagic-develop\webmagic-develop\webmagic-extension\src\main\java\us\codecraft\webmagic\model\formatter\BasicTypeFormatter.java,us.codecraft.webmagic.model.formatter.BasicTypeFormatter$FloatFormatter,innerclass,1,1,0,1,2,2,0,1,1,0.0,0.0,0.0,2,0,2,0,0,0,2,0,0,0,0,0,0,0,0,0,0,0,1,8,2,0,0,0,0,0,0,0,0,0,0,0,0,0,7,9,0
C:\PROJECTS\webmagic-develop\webmagic-develop\webmagic-extension\src\test\java\us\codecraft\webmagic\model\GithubRepoTest.java,us.codecraft.webmagic.model.GithubRepoTest,class,7,7,0,7,1,1,0,6,0,0.0,NaN,NaN,1,0,1,0,0,0,1,0,0,0,0,0,0,0,0,0,0,0,2,11,0,0,0,0,0,2,1,0,0,0,0,1,0,0,7,1,0
C:\PROJECTS\webmagic-develop\webmagic-develop\webmagic-extension\src\main\java\us\codecraft\webmagic\model\AfterExtractor.java,us.codecraft.webmagic.model.AfterExtractor,interface,1,6,5,1,1,1,0,0,0,0.0,NaN,NaN,1,0,1,0,0,0,1,0,0,0,0,0,0,0,0,0,0,0,0,3,0,0,0,0,0,0,0,0,0,0,0,0,0,0,17,1,0
C:\PROJECTS\webmagic-develop\webmagic-develop\webmagic-samples\src\main\java\us\codecraft\webmagic\recover\DuplicateStorageRemover.java,us.codecraft.webmagic.recover.DuplicateStorageRemover,class,6,7,1,6,6,1,0,21,0,0.4,0.8333333,1.0,4,0,4,0,0,0,4,0,0,0,5,1,0,5,0,0,0,0,0,36,2,1,0,0,0,1,5,10,0,9,1,0,0,0,33,1,0
C:\PROJECTS\webmagic-develop\webmagic-develop\webmagic-extension\src\main\java\us\codecraft\webmagic\pipeline\MultiPagePipeline.java,us.codecraft.webmagic.pipeline.MultiPagePipeline,class,7,10,3,7,12,1,0,26,1,0.5,NaN,NaN,2,0,1,1,0,0,1,0,0,0,2,0,0,2,0,0,0,0,1,63,2,4,4,0,0,0,3,13,0,12,5,1,0,0,53,1,0
C:\PROJECTS\webmagic-develop\webmagic-develop\webmagic-extension\src\main\java\us\codecraft\webmagic\example\PatternProcessorExample.java,us.codecraft.webmagic.example.PatternProcessorExample$Anonymous2,anonymous,6,6,0,6,2,1,0,12,1,0.0,0.0,0.0,2,0,2,0,0,0,2,0,0,0,0,0,0,0,0,0,0,0,0,13,2,0,0,0,0,7,0,0,2,0,0,0,0,0,9,-1,1
C:\PROJECTS\webmagic-develop\webmagic-develop\webmagic-extension\src\main\java\us\codecraft\webmagic\example\PatternProcessorExample.java,us.codecraft.webmagic.example.PatternProcessorExample$Anonymous1,anonymous,6,6,0,6,2,1,0,8,1,0.0,0.0,0.0,2,0,2,0,0,0,2,0,0,0,0,0,0,0,0,0,0,0,0,11,2,0,0,0,0,5,0,0,2,0,0,0,0,0,12,-1,1
C:\PROJECTS\webmagic-develop\webmagic-develop\webmagic-extension\src\main\java\us\codecraft\webmagic\pipeline\JsonFilePageModelPipeline.java,us.codecraft.webmagic.pipeline.JsonFilePageModelPipeline,class,5,7,2,5,5,2,0,12,3,0.6666667,0.0,0.0,3,0,3,0,0,0,3,0,0,0,1,0,0,1,0,0,0,0,0,27,0,0,0,1,1,4,0,5,3,4,2,0,0,0,59,1,1
C:\PROJECTS\webmagic-develop\webmagic-develop\webmagic-samples\src\main\java\us\codecraft\webmagic\model\samples\IteyeBlog.java,us.codecraft.webmagic.model.samples.IteyeBlog,class,7,9,2,7,4,1,0,4,2,0.5,0.33333334,0.5,4,1,4,0,0,0,4,0,0,0,2,0,0,2,0,0,0,0,2,16,3,0,0,0,0,7,0,0,2,2,0,0,0,0,13,1,0
C:\PROJECTS\webmagic-develop\webmagic-develop\webmagic-core\src\test\java\us\codecraft\webmagic\selector\JsonPathSelectorTest.java,us.codecraft.webmagic.selector.JsonPathSelectorTest,class,3,3,0,3,1,1,0,6,0,0.0,NaN,NaN,1,0,1,0,0,0,1,0,0,0,1,0,0,1,0,0,0,0,0,20,0,0,0,0,0,29,0,11,1,6,0,0,0,0,20,1,0
C:\PROJECTS\webmagic-develop\webmagic-develop\webmagic-extension\src\main\java\us\codecraft\webmagic\utils\ExtractorUtils.java,us.codecraft.webmagic.utils.ExtractorUtils,class,7,9,2,7,8,1,0,4,1,0.0,0.0,0.0,2,2,2,0,0,0,2,0,0,0,0,0,0,0,0,0,0,0,1,33,3,1,1,0,0,0,0,7,0,3,1,0,0,0,20,1,0
C:\PROJECTS\webmagic-develop\webmagic-develop\webmagic-extension\src\main\java\us\codecraft\webmagic\model\formatter\BasicTypeFormatter.java,us.codecraft.webmagic.model.formatter.BasicTypeFormatter$IntegerFormatter,innerclass,1,1,0,1,2,2,0,1,1,0.0,0.0,0.0,2,0,2,0,0,0,2,0,0,0,0,0,0,0,0,0,0,0,1,8,2,0,0,0,0,0,0,0,0,0,0,0,0,0,7,9,0
C:\PROJECTS\webmagic-develop\webmagic-develop\webmagic-extension\src\test\java\us\codecraft\webmagic\formatter\DateFormatterTest.java,us.codecraft.webmagic.formatter.DateFormatterTest,class,2,2,0,2,1,1,0,6,0,0.0,NaN,NaN,1,0,1,0,0,0,1,0,0,0,0,0,0,0,0,0,0,0,0,10,0,0,0,0,0,2,0,4,0,4,0,0,0,0,12,1,0
C:\PROJECTS\webmagic-develop\webmagic-develop\webmagic-samples\src\main\java\us\codecraft\webmagic\samples\pipeline\ReplacePipeline.java,us.codecraft.webmagic.samples.pipeline.ReplacePipeline,class,0,0,0,0,0,1,0,0,0,0.0,-1.0,-1.0,0,0,0,0,0,0,0,0,0,0,0,0,0,0,0,0,0,0,0,2,0,0,0,0,0,0,0,0,0,0,0,0,0,0,2,1,0
C:\PROJECTS\webmagic-develop\webmagic-develop\webmagic-core\src\test\java\us\codecraft\webmagic\downloader\HttpClientDownloaderTest.java,us.codecraft.webmagic.downloader.HttpClientDownloaderTest$Anonymous12,anonymous,4,4,0,4,1,1,0,9,0,0.0,NaN,NaN,1,0,1,0,0,0,1,0,0,0,0,0,0,0,0,0,0,0,1,10,0,0,0,0,0,4,0,3,0,3,0,0,0,0,12,-1,0
C:\PROJECTS\webmagic-develop\webmagic-develop\webmagic-core\src\test\java\us\codecraft\webmagic\downloader\HttpClientDownloaderTest.java,us.codecraft.webmagic.downloader.HttpClientDownloaderTest$Anonymous11,anonymous,4,4,0,4,1,1,0,7,0,0.0,NaN,NaN,1,0,1,0,0,0,1,0,0,0,0,0,0,0,0,0,0,0,1,9,0,0,0,0,0,2,0,3,0,3,0,0,0,0,12,-1,0
C:\PROJECTS\webmagic-develop\webmagic-develop\webmagic-core\src\test\java\us\codecraft\webmagic\downloader\HttpClientDownloaderTest.java,us.codecraft.webmagic.downloader.HttpClientDownloaderTest$Anonymous10,anonymous,4,4,0,4,1,1,0,11,0,0.0,NaN,NaN,1,0,1,0,0,0,1,0,0,0,0,0,0,0,0,0,0,0,1,11,0,0,0,0,0,2,0,3,0,3,0,0,0,0,13,-1,0
C:\PROJECTS\webmagic-develop\webmagic-develop\webmagic-core\src\test\java\us\codecraft\webmagic\scheduler\PrioritySchedulerTest.java,us.codecraft.webmagic.scheduler.PrioritySchedulerTest,class,5,5,0,5,2,1,0,5,0,0.0,1.0,1.0,2,0,2,0,0,0,2,0,0,0,2,0,0,2,0,0,0,0,0,47,0,0,0,0,0,14,3,16,0,6,0,1,0,0,12,1,0
C:\PROJECTS\webmagic-develop\webmagic-develop\webmagic-extension\src\main\java\us\codecraft\webmagic\example\GithubRepo.java,us.codecraft.webmagic.example.GithubRepo,class,10,14,4,10,10,1,0,6,25,0.7714286,0.22222222,0.8,10,1,10,0,0,0,10,0,0,0,7,0,0,7,0,0,0,0,2,39,9,0,0,0,0,20,2,0,3,7,0,0,0,0,41,1,0
C:\PROJECTS\webmagic-develop\webmagic-develop\webmagic-extension\src\test\java\us\codecraft\webmagic\model\PageModelExtractorTest.java,us.codecraft.webmagic.model.PageModelExtractorTest$ModelCustomList,innerclass,3,3,0,3,0,1,0,0,0,NaN,-1.0,-1.0,0,0,0,0,0,0,0,0,0,0,1,0,0,1,0,0,0,0,0,3,0,0,0,0,0,2,0,0,0,1,0,0,0,0,7,9,0
C:\PROJECTS\webmagic-develop\webmagic-develop\webmagic-extension\src\test\java\us\codecraft\webmagic\configurable\ConfigurablePageProcessorTest.java,us.codecraft.webmagic.configurable.ConfigurablePageProcessorTest,class,7,7,0,7,1,1,0,11,0,0.0,NaN,NaN,1,0,1,0,0,0,1,0,0,0,0,0,0,0,0,0,0,0,2,18,0,0,0,0,0,9,0,4,0,3,0,0,0,0,25,1,0
C:\PROJECTS\webmagic-develop\webmagic-develop\webmagic-extension\src\main\java\us\codecraft\webmagic\model\formatter\DateFormatter.java,us.codecraft.webmagic.model.formatter.DateFormatter,class,1,5,4,1,6,1,0,2,1,0.6666667,0.33333334,0.33333334,3,0,3,0,0,0,3,0,0,0,2,1,1,1,0,0,1,0,0,15,2,0,3,0,1,1,3,3,0,2,1,0,0,0,25,1,0
C:\PROJECTS\webmagic-develop\webmagic-develop\webmagic-extension\src\main\java\us\codecraft\webmagic\scheduler\FileCacheQueueScheduler.java,us.codecraft.webmagic.scheduler.FileCacheQueueScheduler$Anonymous1,anonymous,3,3,0,3,4,1,0,6,3,0.0,0.0,0.0,3,0,3,0,0,0,3,0,0,0,0,0,0,0,0,0,0,0,0,14,2,0,0,0,0,0,0,0,0,0,1,0,0,0,12,-1,0
C:\PROJECTS\webmagic-develop\webmagic-develop\webmagic-extension\src\main\java\us\codecraft\webmagic\scheduler\FileCacheQueueScheduler.java,us.codecraft.webmagic.scheduler.FileCacheQueueScheduler$Anonymous2,anonymous,1,1,0,1,1,1,0,1,0,0.0,NaN,NaN,1,0,1,0,0,0,1,0,0,0,0,0,0,0,0,0,0,0,0,5,0,0,0,0,0,0,0,0,0,0,0,0,0,0,2,-1,0
C:\PROJECTS\webmagic-develop\webmagic-develop\webmagic-samples\src\main\java\us\codecraft\webmagic\samples\formatter\StringTemplateFormatter.java,us.codecraft.webmagic.samples.formatter.StringTemplateFormatter,class,1,1,0,1,3,1,0,1,1,0.33333334,0.33333334,0.33333334,3,0,3,0,0,0,3,0,0,0,1,0,0,1,0,0,0,0,1,12,2,0,0,0,0,0,1,1,0,1,0,0,0,0,11,1,0
C:\PROJECTS\webmagic-develop\webmagic-develop\webmagic-core\src\main\java\us\codecraft\webmagic\processor\example\GithubRepoPageProcessor.java,us.codecraft.webmagic.processor.example.GithubRepoPageProcessor,class,8,12,4,8,4,1,0,20,3,0.6666667,0.0,0.0,3,1,3,0,0,0,3,0,0,0,1,0,0,1,0,0,0,0,2,19,1,0,1,0,0,10,4,1,0,1,1,0,0,0,18,1,0
C:\PROJECTS\webmagic-develop\webmagic-develop\webmagic-samples\src\main\java\us\codecraft\webmagic\samples\scheduler\LevelLimitScheduler.java,us.codecraft.webmagic.samples.scheduler.LevelLimitScheduler,class,3,3,0,3,3,3,0,2,0,0.0,1.0,1.0,2,0,2,0,0,0,2,0,0,1,1,0,0,1,0,0,0,0,0,11,0,0,0,0,1,1,1,2,0,1,1,0,0,0,10,1,0
C:\PROJECTS\webmagic-develop\webmagic-develop\webmagic-extension\src\main\java\us\codecraft\webmagic\configurable\ExtractRule.java,us.codecraft.webmagic.configurable.ExtractRule,class,8,11,3,8,23,1,0,7,79,0.83809525,0.07692308,0.07692308,15,0,14,1,0,0,14,0,0,0,7,0,0,7,0,0,0,0,7,82,14,0,2,0,0,0,4,10,0,7,3,0,0,0,27,1,0
C:\PROJECTS\webmagic-develop\webmagic-develop\webmagic-samples\src\main\java\us\codecraft\webmagic\model\samples\GithubRepo.java,us.codecraft.webmagic.model.samples.GithubRepo,class,11,12,1,11,9,1,0,8,32,0.85714287,0.055555556,0.083333336,9,1,9,0,0,0,9,0,0,0,7,0,0,7,0,0,0,0,2,36,8,0,0,0,0,13,3,0,1,7,0,0,0,0,45,1,0
C:\PROJECTS\webmagic-develop\webmagic-develop\webmagic-samples\src\main\java\us\codecraft\webmagic\samples\InfoQMiniBookProcessor.java,us.codecraft.webmagic.samples.InfoQMiniBookProcessor,class,8,9,1,8,5,1,0,17,3,0.6666667,0.0,0.0,3,1,3,0,0,0,3,0,0,0,1,0,0,1,0,0,0,0,2,22,1,0,1,0,0,8,1,2,0,2,1,0,0,0,34,1,0
C:\PROJECTS\webmagic-develop\webmagic-develop\webmagic-core\src\main\java\us\codecraft\webmagic\utils\HttpConstant.java,us.codecraft.webmagic.utils.HttpConstant$StatusCode,innerclass,0,0,0,0,0,1,0,0,0,NaN,-1.0,-1.0,0,0,0,0,0,0,0,0,0,0,1,1,1,0,0,0,1,0,0,3,0,0,0,0,0,0,1,1,0,1,0,0,0,0,7,1033,0
C:\PROJECTS\webmagic-develop\webmagic-develop\webmagic-core\src\test\java\us\codecraft\webmagic\SiteTest.java,us.codecraft.webmagic.SiteTest,class,2,2,0,2,1,1,0,5,0,0.0,NaN,NaN,1,0,1,0,0,0,1,0,0,0,0,0,0,0,0,0,0,0,1,6,0,0,0,0,0,0,0,1,0,1,0,0,0,0,6,1,0
C:\PROJECTS\webmagic-develop\webmagic-develop\webmagic-selenium\src\test\java\us\codecraft\webmagic\downloader\selenium\SeleniumDownloaderTest.java,us.codecraft.webmagic.downloader.selenium.SeleniumDownloaderTest$Anonymous1,anonymous,1,1,0,1,2,1,0,1,1,0.0,0.0,0.0,2,0,2,0,0,0,2,0,0,0,0,0,0,0,0,0,0,0,1,8,2,0,0,0,0,1,0,0,0,0,0,0,0,0,5,-1,0
C:\PROJECTS\webmagic-develop\webmagic-develop\webmagic-samples\src\main\java\us\codecraft\webmagic\model\samples\Kr36NewsModel.java,us.codecraft.webmagic.model.samples.Kr36NewsModel,class,10,11,1,10,4,1,0,8,6,0.75,0.0,0.0,4,1,4,0,0,0,4,0,0,0,3,0,0,3,0,0,0,0,3,24,3,0,0,0,0,5,2,2,0,5,0,1,0,0,26,1,0
C:\PROJECTS\webmagic-develop\webmagic-develop\webmagic-samples\src\main\java\us\codecraft\webmagic\samples\NjuBBSProcessor.java,us.codecraft.webmagic.samples.NjuBBSProcessor,class,8,9,1,8,3,1,0,12,3,0.0,0.0,0.0,3,1,3,0,0,0,3,0,0,0,0,0,0,0,0,0,0,0,2,14,1,0,0,0,0,6,0,1,0,1,0,0,0,0,16,1,0
C:\PROJECTS\webmagic-develop\webmagic-develop\webmagic-selenium\src\test\java\us\codecraft\webmagic\downloader\selenium\SeleniumDownloaderTest.java,us.codecraft.webmagic.downloader.selenium.SeleniumDownloaderTest$Anonymous2,anonymous,1,1,0,1,2,1,0,1,1,0.0,0.0,0.0,2,0,2,0,0,0,2,0,0,0,0,0,0,0,0,0,0,0,1,8,2,0,0,0,0,1,0,0,0,0,0,0,0,0,5,-1,0
C:\PROJECTS\webmagic-develop\webmagic-develop\webmagic-core\src\test\java\us\codecraft\webmagic\selector\SelectorTest.java,us.codecraft.webmagic.selector.SelectorTest,class,4,4,0,4,2,1,0,10,0,0.0,1.0,1.0,2,0,2,0,0,0,2,0,0,0,1,0,0,1,0,0,0,0,0,17,0,0,0,0,0,4,1,8,0,8,0,0,0,0,22,1,0
C:\PROJECTS\webmagic-develop\webmagic-develop\webmagic-scripts\src\main\java\us\codecraft\webmagic\scripts\Language.java,us.codecraft.webmagic.scripts.Language,enum,0,4,4,0,4,1,0,0,0,0.5,0.5,1.0,4,0,3,0,0,1,4,0,0,0,3,0,0,3,0,0,0,0,0,18,3,0,0,0,0,9,0,3,0,3,0,0,0,0,16,1,0
C:\PROJECTS\webmagic-develop\webmagic-develop\webmagic-extension\src\test\java\us\codecraft\webmagic\model\ModelPageProcessorTest.java,us.codecraft.webmagic.model.ModelPageProcessorTest,class,10,10,0,10,3,1,0,15,1,0.33333334,0.33333334,0.33333334,3,0,3,0,0,0,3,0,0,0,1,0,0,1,0,0,0,0,4,33,0,0,0,0,0,7,0,7,0,7,0,0,3,0,25,1,0
C:\PROJECTS\webmagic-develop\webmagic-develop\webmagic-core\src\main\java\us\codecraft\webmagic\utils\HttpConstant.java,us.codecraft.webmagic.utils.HttpConstant$Method,innerclass,0,0,0,0,0,1,0,0,0,NaN,-1.0,-1.0,0,0,0,0,0,0,0,0,0,0,7,7,7,0,0,0,7,0,0,9,0,0,0,0,0,7,0,7,0,7,0,0,0,0,15,1033,0
C:\PROJECTS\webmagic-develop\webmagic-develop\webmagic-core\src\main\java\us\codecraft\webmagic\Spider.java,us.codecraft.webmagic.Spider,class,22,82,60,22,119,1,1,89,1340,0.9371347,0.069148935,0.5328014,57,1,40,9,8,0,48,0,0,0,24,3,0,6,18,0,4,0,11,484,42,13,24,5,2,13,19,55,2,36,6,1,1,0,239,1,6
C:\PROJECTS\webmagic-develop\webmagic-develop\webmagic-extension\src\test\java\us\codecraft\webmagic\monitor\SeedUrlWithPortTest.java,us.codecraft.webmagic.monitor.SeedUrlWithPortTest,class,4,4,0,4,1,1,0,5,0,0.0,NaN,NaN,1,0,1,0,0,0,1,0,0,0,0,0,0,0,0,0,0,0,2,7,0,0,0,0,0,1,0,1,0,1,0,0,0,0,13,1,0
C:\PROJECTS\webmagic-develop\webmagic-develop\webmagic-extension\src\test\java\us\codecraft\webmagic\model\PageMocker.java,us.codecraft.webmagic.model.PageMocker,class,4,8,4,4,2,1,0,7,1,0.0,0.0,0.0,2,0,2,0,0,0,2,0,0,0,0,0,0,0,0,0,0,0,2,16,2,0,0,0,0,6,0,2,0,2,0,0,0,0,16,1,0
C:\PROJECTS\webmagic-develop\webmagic-develop\webmagic-samples\src\main\java\us\codecraft\webmagic\model\samples\OschinaBlog.java,us.codecraft.webmagic.model.samples.OschinaBlog$Anonymous1,anonymous,1,1,0,1,1,1,0,0,0,0.0,NaN,NaN,1,0,1,0,0,0,1,0,0,0,0,0,0,0,0,0,0,0,0,4,0,0,0,0,0,0,0,0,0,0,0,0,0,0,4,-1,0
C:\PROJECTS\webmagic-develop\webmagic-develop\webmagic-extension\src\main\java\us\codecraft\webmagic\utils\ClassUtils.java,us.codecraft.webmagic.utils.ClassUtils,class,0,1,1,0,3,1,0,3,0,0.0,NaN,NaN,1,1,1,0,0,0,1,0,0,0,0,0,0,0,0,0,0,0,0,14,1,2,1,0,0,0,0,4,0,3,2,0,0,0,11,1025,0
C:\PROJECTS\webmagic-develop\webmagic-develop\webmagic-core\src\test\java\us\codecraft\webmagic\utils\NumberUtilsTest.java,us.codecraft.webmagic.utils.NumberUtilsTest,class,2,2,0,2,1,1,0,2,0,0.0,NaN,NaN,1,0,1,0,0,0,1,0,0,0,0,0,0,0,0,0,0,0,5,9,0,0,0,0,0,0,15,0,0,0,0,0,0,0,8,1,0
C:\PROJECTS\webmagic-develop\webmagic-develop\webmagic-extension\src\test\java\us\codecraft\webmagic\model\PageModelExtractorTest.java,us.codecraft.webmagic.model.PageModelExtractorTest$ModelJsonStr,innerclass,1,1,0,1,0,1,0,0,0,NaN,-1.0,-1.0,0,0,0,0,0,0,0,0,0,0,1,0,0,1,0,0,0,0,0,3,0,0,0,0,0,1,0,0,0,1,0,0,0,0,5,9,0
C:\PROJECTS\webmagic-develop\webmagic-develop\webmagic-core\src\main\java\us\codecraft\webmagic\utils\BaseSelectorUtils.java,us.codecraft.webmagic.utils.BaseSelectorUtils,class,0,2,2,0,7,1,0,2,0,0.0,NaN,NaN,1,1,1,0,0,0,1,0,0,0,0,0,0,0,0,0,0,0,0,8,1,0,0,0,4,8,0,1,1,0,1,0,0,0,25,1,0
C:\PROJECTS\webmagic-develop\webmagic-develop\webmagic-core\src\main\java\us\codecraft\webmagic\utils\WMCollections.java,us.codecraft.webmagic.utils.WMCollections,class,1,4,3,1,4,1,0,2,1,0.0,0.0,0.0,2,2,2,0,0,0,2,0,0,0,0,0,0,0,0,0,0,0,0,16,2,2,0,0,0,0,0,2,0,2,1,0,0,0,12,1,0
C:\PROJECTS\webmagic-develop\webmagic-develop\webmagic-extension\src\main\java\us\codecraft\webmagic\handler\SubPageProcessor.java,us.codecraft.webmagic.handler.SubPageProcessor,interface,3,5,2,3,1,1,0,0,0,0.0,NaN,NaN,1,0,1,0,0,0,1,0,0,0,0,0,0,0,0,0,0,0,0,3,0,0,0,0,0,0,0,0,0,0,0,0,0,0,18,1,0
C:\PROJECTS\webmagic-develop\webmagic-develop\webmagic-core\src\main\java\us\codecraft\webmagic\selector\RegexSelector.java,us.codecraft.webmagic.selector.RegexSelector,class,3,11,8,3,16,1,0,12,0,0.41666666,0.8095238,1.0,8,0,7,1,0,0,7,0,0,0,3,0,0,3,0,0,0,0,1,67,6,4,1,1,0,3,8,17,3,12,2,0,0,0,41,1,0
C:\PROJECTS\webmagic-develop\webmagic-develop\webmagic-core\src\test\java\us\codecraft\webmagic\ResultItemsTest.java,us.codecraft.webmagic.ResultItemsTest,class,2,2,0,2,1,1,0,5,0,0.0,NaN,NaN,1,0,1,0,0,0,1,0,0,0,0,0,0,0,0,0,0,0,0,9,0,0,0,0,0,9,0,1,0,1,0,0,0,0,11,1,0
C:\PROJECTS\webmagic-develop\webmagic-develop\webmagic-core\src\main\java\us\codecraft\webmagic\pipeline\ConsolePipeline.java,us.codecraft.webmagic.pipeline.ConsolePipeline,class,4,7,3,4,2,1,0,7,0,0.0,NaN,NaN,1,0,1,0,0,0,1,0,0,0,0,0,0,0,0,0,0,0,0,8,0,1,0,0,0,2,0,0,2,0,1,0,0,0,13,1,0
C:\PROJECTS\webmagic-develop\webmagic-develop\webmagic-extension\src\test\java\us\codecraft\webmagic\scheduler\BloomFilterDuplicateRemoverTest.java,us.codecraft.webmagic.scheduler.BloomFilterDuplicateRemoverTest,class,6,6,0,6,8,1,0,11,3,0.0,0.0,0.0,3,0,3,0,0,0,3,0,0,0,0,0,0,0,0,0,0,0,13,54,0,3,0,0,4,13,11,22,9,15,2,0,0,0,30,1,0
C:\PROJECTS\webmagic-develop\webmagic-develop\webmagic-core\src\test\java\us\codecraft\webmagic\scheduler\DuplicateRemovedSchedulerTest.java,us.codecraft.webmagic.scheduler.DuplicateRemovedSchedulerTest,class,7,7,0,7,2,1,0,8,0,0.0,1.0,1.0,2,0,2,0,0,0,2,0,0,0,1,0,0,1,0,0,0,0,0,24,0,0,0,0,0,2,2,5,0,5,0,1,0,0,17,1,0
C:\PROJECTS\webmagic-develop\webmagic-develop\webmagic-core\src\test\java\us\codecraft\webmagic\selector\LinksSelectorTest.java,us.codecraft.webmagic.selector.LinksSelectorTest,class,3,3,0,3,1,1,0,4,0,0.0,NaN,NaN,1,0,1,0,0,0,1,0,0,0,1,0,0,1,0,0,0,0,0,11,0,0,0,0,0,3,0,5,0,3,0,0,0,0,10,1,0
C:\PROJECTS\webmagic-develop\webmagic-develop\webmagic-core\src\main\java\us\codecraft\webmagic\SpiderListener.java,us.codecraft.webmagic.SpiderListener,interface,2,6,4,2,3,1,0,1,3,0.0,0.0,0.0,3,0,0,0,0,3,3,0,0,0,0,0,0,0,0,0,0,0,0,8,0,0,0,0,0,0,0,0,0,0,0,0,0,0,16,1,0
C:\PROJECTS\webmagic-develop\webmagic-develop\webmagic-samples\src\main\java\us\codecraft\webmagic\samples\GithubRepo.java,us.codecraft.webmagic.samples.GithubRepo,class,0,1,1,0,6,1,0,0,9,0.6666667,0.2,0.2,6,0,6,0,0,0,6,0,0,0,3,0,0,3,0,0,0,0,0,23,3,0,0,0,0,0,0,3,0,3,0,0,0,0,10,1,0
C:\PROJECTS\webmagic-develop\webmagic-develop\webmagic-extension\src\test\java\us\codecraft\webmagic\downloader\MockGithubDownloader.java,MockGithubDownloader,class,6,6,0,6,2,1,0,4,1,0.5,0.0,0.0,2,0,2,0,0,0,2,0,0,0,1,0,0,1,0,0,0,0,0,13,1,0,0,0,0,925,1,2,1,2,0,0,0,0,406,1,0
C:\PROJECTS\webmagic-develop\webmagic-develop\webmagic-core\src\main\java\us\codecraft\webmagic\selector\JsonPathSelector.java,us.codecraft.webmagic.selector.JsonPathSelector,class,3,9,6,3,12,1,0,10,2,0.5,0.6666667,1.0,5,0,4,1,0,0,4,0,0,0,2,0,0,2,0,0,2,0,1,49,8,1,2,0,0,2,1,7,0,7,2,0,0,0,22,1,0
C:\PROJECTS\webmagic-develop\webmagic-develop\webmagic-extension\src\test\java\us\codecraft\webmagic\utils\IPUtilsTest.java,us.codecraft.webmagic.utils.IPUtilsTest,class,2,2,0,2,1,1,0,2,0,0.0,NaN,NaN,1,0,1,0,0,0,1,0,0,0,0,0,0,0,0,0,0,0,1,5,0,0,0,0,0,0,0,0,0,0,0,0,0,0,11,1,0
C:\PROJECTS\webmagic-develop\webmagic-develop\webmagic-core\src\main\java\us\codecraft\webmagic\scheduler\Scheduler.java,us.codecraft.webmagic.scheduler.Scheduler,interface,2,7,5,2,2,1,0,0,1,0.0,0.0,0.0,2,0,2,0,0,0,2,0,0,0,0,0,0,0,0,0,0,0,0,4,0,0,0,0,0,0,0,0,0,0,0,0,0,0,27,1,0
C:\PROJECTS\webmagic-develop\webmagic-develop\webmagic-core\src\main\java\us\codecraft\webmagic\thread\CountableThreadPool.java,us.codecraft.webmagic.thread.CountableThreadPool,class,0,1,1,0,11,1,0,10,4,0.7,0.6785714,1.0,8,0,8,0,0,0,8,0,0,0,5,0,0,5,0,0,0,0,1,66,3,1,0,2,0,0,0,8,0,5,4,1,0,0,44,1,0
C:\PROJECTS\webmagic-develop\webmagic-develop\webmagic-extension\src\main\java\us\codecraft\webmagic\model\annotation\ExtractBy.java,us.codecraft.webmagic.model.annotation.ExtractBy$Type,enum,0,0,0,0,0,1,0,0,0,0.0,-1.0,-1.0,0,0,0,0,0,0,0,0,0,0,0,0,0,0,0,0,0,0,0,1,0,0,0,0,0,0,0,0,0,0,0,0,0,0,8,9,0
C:\PROJECTS\webmagic-develop\webmagic-develop\webmagic-extension\src\main\java\us\codecraft\webmagic\handler\PatternProcessor.java,us.codecraft.webmagic.handler.PatternProcessor,class,3,4,1,3,1,2,0,0,0,0.0,NaN,NaN,1,0,1,0,0,0,1,0,0,0,0,0,0,0,0,0,0,0,0,5,0,0,0,0,0,0,0,0,0,0,0,0,0,0,10,1025,0
C:\PROJECTS\webmagic-develop\webmagic-develop\webmagic-samples\src\main\java\us\codecraft\webmagic\samples\ZhihuPageProcessor.java,us.codecraft.webmagic.samples.ZhihuPageProcessor,class,9,10,1,9,6,1,0,21,3,0.6666667,0.0,0.0,3,1,3,0,0,0,3,0,0,0,2,1,0,2,0,0,1,0,3,30,1,1,0,0,0,17,8,8,1,6,2,0,0,0,41,1,0
C:\PROJECTS\webmagic-develop\webmagic-develop\webmagic-core\src\main\java\us\codecraft\webmagic\pipeline\Pipeline.java,us.codecraft.webmagic.pipeline.Pipeline,interface,2,16,14,2,1,1,0,0,0,0.0,NaN,NaN,1,0,1,0,0,0,1,0,0,0,0,0,0,0,0,0,0,0,0,3,0,0,0,0,0,0,0,0,0,0,0,0,0,0,25,1,0
C:\PROJECTS\webmagic-develop\webmagic-develop\webmagic-core\src\main\java\us\codecraft\webmagic\Site.java,us.codecraft.webmagic.Site$Anonymous1,anonymous,1,1,0,1,3,1,0,3,1,0.0,0.0,0.0,2,0,2,0,0,0,2,0,0,0,0,0,0,0,0,0,0,0,1,12,2,0,1,0,0,0,0,2,0,1,1,0,0,0,7,-1,0
C:\PROJECTS\webmagic-develop\webmagic-develop\webmagic-extension\src\main\java\us\codecraft\webmagic\SimpleHttpClient.java,us.codecraft.webmagic.SimpleHttpClient,class,8,10,2,8,8,1,0,7,1,0.35714287,0.47619048,0.47619048,7,0,7,0,0,0,7,0,0,0,2,0,0,2,0,0,2,0,1,30,5,0,0,0,0,0,0,3,0,3,1,0,0,0,20,1,0
C:\PROJECTS\webmagic-develop\webmagic-develop\webmagic-extension\src\main\java\us\codecraft\webmagic\scheduler\BloomFilterDuplicateRemover.java,us.codecraft.webmagic.scheduler.BloomFilterDuplicateRemover,class,5,7,2,5,8,1,0,10,9,0.64285713,0.33333334,0.47619048,7,0,5,0,2,0,7,0,0,0,4,0,0,4,0,0,1,0,1,35,4,0,0,0,0,0,2,5,0,5,1,0,0,0,40,1,0
C:\PROJECTS\webmagic-develop\webmagic-develop\webmagic-core\src\main\java\us\codecraft\webmagic\utils\ProxyUtils.java,us.codecraft.webmagic.utils.ProxyUtils,class,3,4,1,3,4,1,0,6,0,0.0,NaN,NaN,1,1,1,0,0,0,1,0,0,0,1,1,0,1,0,0,1,0,0,26,2,0,1,2,0,2,1,4,1,3,3,0,0,0,30,1,2
C:\PROJECTS\webmagic-develop\webmagic-develop\webmagic-extension\src\main\java\us\codecraft\webmagic\model\formatter\BasicTypeFormatter.java,us.codecraft.webmagic.model.formatter.BasicTypeFormatter$CharactorFormatter,innerclass,1,1,0,1,2,2,0,1,1,0.0,0.0,0.0,2,0,2,0,0,0,2,0,0,0,0,0,0,0,0,0,0,0,0,8,2,0,0,0,0,0,1,0,0,0,0,0,0,0,8,9,0
C:\PROJECTS\webmagic-develop\webmagic-develop\webmagic-samples\src\test\java\us\codecraft\webmagic\model\ProcessorBenchmark.java,us.codecraft.webmagic.model.ProcessorBenchmark,class,9,9,0,9,3,1,0,8,0,0.0,NaN,NaN,1,0,1,0,0,0,1,0,0,0,1,0,0,1,0,0,0,0,6,20,0,2,0,0,0,856,4,7,3,6,1,0,0,0,320,1,0
C:\PROJECTS\webmagic-develop\webmagic-develop\webmagic-core\src\main\java\us\codecraft\webmagic\scheduler\QueueScheduler.java,us.codecraft.webmagic.scheduler.QueueScheduler,class,5,6,1,5,7,2,0,9,0,0.16666667,0.6666667,0.6666667,6,0,6,0,0,0,6,0,0,0,1,0,0,1,0,0,1,0,1,27,3,0,0,1,0,1,0,2,0,1,1,0,0,0,50,1,1
C:\PROJECTS\webmagic-develop\webmagic-develop\webmagic-core\src\main\java\us\codecraft\webmagic\selector\BaseElementSelector.java,us.codecraft.webmagic.selector.BaseElementSelector,class,6,15,9,6,12,1,3,7,28,0.0,0.0,0.0,8,0,7,1,0,0,7,3,0,0,0,0,0,0,0,0,0,0,1,37,9,0,4,0,0,0,0,1,0,0,1,0,0,0,13,1025,0
C:\PROJECTS\webmagic-develop\webmagic-develop\webmagic-extension\src\main\java\us\codecraft\webmagic\model\formatter\BasicTypeFormatter.java,us.codecraft.webmagic.model.formatter.BasicTypeFormatter$ShortFormatter,innerclass,1,1,0,1,2,2,0,1,1,0.0,0.0,0.0,2,0,2,0,0,0,2,0,0,0,0,0,0,0,0,0,0,0,1,8,2,0,0,0,0,0,0,0,0,0,0,0,0,0,7,9,0
C:\PROJECTS\webmagic-develop\webmagic-develop\webmagic-core\src\test\java\us\codecraft\webmagic\selector\RegexSelectorTest.java,us.codecraft.webmagic.selector.RegexSelectorTest,class,2,2,0,2,3,1,0,3,3,0.0,0.0,0.0,3,0,3,0,0,0,3,0,0,0,0,0,0,0,0,0,0,0,0,25,0,0,0,0,0,9,0,13,0,9,0,0,0,0,17,1,0
C:\PROJECTS\webmagic-develop\webmagic-develop\webmagic-core\src\main\java\us\codecraft\webmagic\selector\Html.java,us.codecraft.webmagic.selector.Html,class,8,21,13,8,12,3,0,11,16,0.75,0.21428572,0.21428572,8,1,7,0,1,0,8,0,0,0,3,1,1,2,0,0,0,0,1,53,7,0,0,2,0,2,0,9,0,5,1,0,0,0,65,1,2
C:\PROJECTS\webmagic-develop\webmagic-develop\webmagic-core\src\main\java\us\codecraft\webmagic\selector\HtmlNode.java,us.codecraft.webmagic.selector.HtmlNode,class,13,47,34,13,21,2,1,29,85,0.78571427,0.03846154,0.03846154,14,0,10,1,3,0,13,0,0,0,1,0,0,1,0,0,1,0,4,88,15,4,0,0,1,0,1,19,0,18,2,0,0,0,50,1,0
C:\PROJECTS\webmagic-develop\webmagic-develop\webmagic-core\src\test\java\us\codecraft\webmagic\scheduler\DuplicateRemovedSchedulerTest.java,us.codecraft.webmagic.scheduler.DuplicateRemovedSchedulerTest$Anonymous1,anonymous,2,2,0,2,1,1,0,0,0,0.0,NaN,NaN,1,0,1,0,0,0,1,0,0,0,0,0,0,0,0,0,0,0,0,5,1,0,0,0,0,0,0,0,0,0,0,0,0,0,5,-1,0
C:\PROJECTS\webmagic-develop\webmagic-develop\webmagic-extension\src\test\java\us\codecraft\webmagic\utils\RequestUtilsTest.java,us.codecraft.webmagic.utils.RequestUtilsTest,class,3,3,0,3,2,1,0,4,1,0.0,0.0,0.0,2,0,2,0,0,0,2,0,0,0,0,0,0,0,0,0,0,0,2,10,0,0,0,0,0,5,0,2,0,2,0,0,0,0,16,1,0
C:\PROJECTS\webmagic-develop\webmagic-develop\webmagic-scripts\src\test\java\us\codecraft\webmagic\scripts\ScriptProcessorTest.java,us.codecraft.webmagic.scripts.ScriptProcessorTest,class,6,6,0,6,3,1,0,10,3,0.0,0.0,0.0,3,0,3,0,0,0,3,0,0,0,0,0,0,0,0,0,0,0,6,17,0,0,0,0,0,6,3,3,0,3,0,0,0,0,10,1,0
C:\PROJECTS\webmagic-develop\webmagic-develop\webmagic-saxon\src\main\java\us\codecraft\webmagic\selector\NodeSelector.java,us.codecraft.webmagic.selector.NodeSelector,interface,1,2,1,1,2,1,0,0,1,0.0,0.0,0.0,2,0,0,0,0,2,2,0,0,0,0,0,0,0,0,0,0,0,0,4,0,0,0,0,0,0,0,0,0,0,0,0,0,0,25,1,0
C:\PROJECTS\webmagic-develop\webmagic-develop\webmagic-extension\src\main\java\us\codecraft\webmagic\model\formatter\ObjectFormatter.java,us.codecraft.webmagic.model.formatter.ObjectFormatter,interface,1,8,7,1,3,1,0,0,3,0.0,0.0,0.0,3,0,0,0,0,3,3,0,0,0,0,0,0,0,0,0,0,0,0,5,0,0,0,0,0,0,0,0,0,0,0,0,0,0,8,1,0
C:\PROJECTS\webmagic-develop\webmagic-develop\webmagic-extension\src\test\java\us\codecraft\webmagic\model\PageModelExtractorTest.java,us.codecraft.webmagic.model.PageModelExtractorTest$ModelDate,innerclass,3,3,0,3,0,1,0,0,0,NaN,-1.0,-1.0,0,0,0,0,0,0,0,0,0,0,1,0,0,1,0,0,0,0,0,3,0,0,0,0,0,2,0,0,0,1,0,0,0,0,6,9,0
C:\PROJECTS\webmagic-develop\webmagic-develop\webmagic-core\src\test\java\us\codecraft\webmagic\processor\PageProcessorTest.java,us.codecraft.webmagic.processor.PageProcessorTest,class,4,4,0,4,1,1,0,5,0,0.0,NaN,NaN,1,0,1,0,0,0,1,0,0,0,0,0,0,0,0,0,0,0,2,19,0,0,0,0,0,0,1,2,0,1,0,2,0,0,9,1,0
C:\PROJECTS\webmagic-develop\webmagic-develop\webmagic-extension\src\main\java\us\codecraft\webmagic\model\formatter\BasicTypeFormatter.java,us.codecraft.webmagic.model.formatter.BasicTypeFormatter$ByteFormatter,innerclass,1,1,0,1,2,2,0,1,1,0.0,0.0,0.0,2,0,2,0,0,0,2,0,0,0,0,0,0,0,0,0,0,0,1,8,2,0,0,0,0,0,1,0,0,0,0,0,0,0,7,9,0
C:\PROJECTS\webmagic-develop\webmagic-develop\webmagic-extension\src\test\java\us\codecraft\webmagic\model\PageModelExtractorTest.java,us.codecraft.webmagic.model.PageModelExtractorTest$ModelIntList,innerclass,2,2,0,2,0,1,0,0,0,NaN,-1.0,-1.0,0,0,0,0,0,0,0,0,0,0,1,0,0,1,0,0,0,0,0,3,0,0,0,0,0,1,0,0,0,1,0,0,0,0,7,9,0
C:\PROJECTS\webmagic-develop\webmagic-develop\webmagic-core\src\main\java\us\codecraft\webmagic\Site.java,us.codecraft.webmagic.Site,class,3,97,94,3,56,1,0,12,429,0.89107126,0.13174604,0.48253968,35,1,35,0,0,0,36,0,0,0,16,1,0,16,0,0,1,0,0,179,47,0,25,0,5,11,20,35,20,18,1,1,0,0,143,1,0
C:\PROJECTS\webmagic-develop\webmagic-develop\webmagic-extension\src\main\java\us\codecraft\webmagic\example\AppStore.java,us.codecraft.webmagic.example.AppStore,class,6,7,1,6,1,1,0,6,0,0.0,NaN,NaN,1,1,1,0,0,0,1,0,0,0,5,0,0,5,0,0,0,0,2,15,0,0,0,0,0,6,0,1,0,6,0,0,0,0,20,1,0
C:\PROJECTS\webmagic-develop\webmagic-develop\webmagic-core\src\main\java\us\codecraft\webmagic\selector\ElementSelector.java,us.codecraft.webmagic.selector.ElementSelector,interface,1,3,2,1,2,1,0,0,1,0.0,0.0,0.0,2,0,2,0,0,0,2,0,0,0,0,0,0,0,0,0,0,0,0,4,0,0,0,0,0,0,0,0,0,0,0,0,0,0,24,1,0
C:\PROJECTS\webmagic-develop\webmagic-develop\webmagic-core\src\main\java\us\codecraft\webmagic\scheduler\MonitorableScheduler.java,us.codecraft.webmagic.scheduler.MonitorableScheduler,interface,2,7,5,2,2,1,0,0,1,0.0,0.0,0.0,2,0,2,0,0,0,2,0,0,0,0,0,0,0,0,0,0,0,0,4,0,0,0,0,0,0,0,0,0,0,0,0,0,0,16,1,0
C:\PROJECTS\webmagic-develop\webmagic-develop\webmagic-extension\src\main\java\us\codecraft\webmagic\example\OschinaBlog.java,us.codecraft.webmagic.example.OschinaBlog,class,7,8,1,7,5,1,0,4,10,0.8,0.0,0.0,5,1,5,0,0,0,5,0,0,0,4,0,0,4,0,0,0,0,2,21,4,0,0,0,0,7,0,0,0,4,0,0,0,0,27,1,0
C:\PROJECTS\webmagic-develop\webmagic-develop\webmagic-samples\src\main\java\us\codecraft\webmagic\model\samples\QQMeishi.java,us.codecraft.webmagic.model.samples.QQMeishi,class,7,8,1,7,1,1,0,5,0,1.0,NaN,NaN,1,1,1,0,0,0,1,0,0,0,2,0,0,2,0,0,0,0,2,7,0,0,0,0,0,5,1,0,0,2,0,0,0,0,17,1,0
C:\PROJECTS\webmagic-develop\webmagic-develop\webmagic-extension\src\main\java\us\codecraft\webmagic\model\formatter\BasicTypeFormatter.java,us.codecraft.webmagic.model.formatter.BasicTypeFormatter$DoubleFormatter,innerclass,1,1,0,1,2,2,0,1,1,0.0,0.0,0.0,2,0,2,0,0,0,2,0,0,0,0,0,0,0,0,0,0,0,1,8,2,0,0,0,0,0,0,0,0,0,0,0,0,0,7,9,0
C:\PROJECTS\webmagic-develop\webmagic-develop\webmagic-extension\src\main\java\us\codecraft\webmagic\downloader\PhantomJSDownloader.java,us.codecraft.webmagic.downloader.PhantomJSDownloader,class,7,9,2,7,11,2,0,27,11,0.6666667,0.2,0.2,7,0,5,1,1,0,6,0,0,0,3,3,0,3,0,0,1,0,3,56,2,1,1,1,1,10,1,15,3,12,2,0,0,0,82,1,2
C:\PROJECTS\webmagic-develop\webmagic-develop\webmagic-saxon\src\main\java\us\codecraft\webmagic\selector\JaxpSelectorUtils.java,us.codecraft.webmagic.selector.JaxpSelectorUtils,class,3,6,3,3,9,1,0,18,6,0.0,0.0,0.0,4,3,3,1,0,0,3,0,0,0,0,0,0,0,0,0,0,0,3,39,4,2,2,0,0,2,3,7,0,7,2,0,0,0,34,17,0
C:\PROJECTS\webmagic-develop\webmagic-develop\webmagic-core\src\main\java\us\codecraft\webmagic\utils\HttpClientUtils.java,us.codecraft.webmagic.utils.HttpClientUtils,class,1,2,1,1,3,1,0,5,0,0.0,NaN,NaN,1,1,1,0,0,0,1,0,0,0,0,0,0,0,0,0,0,0,0,14,1,1,1,0,0,0,0,3,0,2,2,0,0,0,11,1025,0
C:\PROJECTS\webmagic-develop\webmagic-develop\webmagic-scripts\src\main\java\us\codecraft\webmagic\scripts\ScriptProcessor.java,us.codecraft.webmagic.scripts.ScriptProcessor,class,8,11,3,8,12,1,0,23,0,0.33333334,0.6666667,1.0,3,0,3,0,0,0,3,0,0,0,5,0,0,5,0,0,1,0,2,63,1,2,2,3,0,7,0,14,3,14,4,0,0,0,44,1,0
C:\PROJECTS\webmagic-develop\webmagic-develop\webmagic-core\src\main\java\us\codecraft\webmagic\thread\CountableThreadPool.java,us.codecraft.webmagic.thread.CountableThreadPool$Anonymous1,anonymous,0,0,0,0,1,1,0,5,0,0.0,NaN,NaN,1,0,1,0,0,0,1,0,0,0,0,0,0,0,0,0,0,0,0,17,0,0,0,2,0,0,0,0,0,0,2,0,0,0,1,-1,0
C:\PROJECTS\webmagic-develop\webmagic-develop\webmagic-extension\src\main\java\us\codecraft\webmagic\model\formatter\BasicTypeFormatter.java,us.codecraft.webmagic.model.formatter.BasicTypeFormatter$BooleanFormatter,innerclass,1,1,0,1,2,2,0,1,1,0.0,0.0,0.0,2,0,2,0,0,0,2,0,0,0,0,0,0,0,0,0,0,0,1,8,2,0,0,0,0,0,0,0,0,0,0,0,0,0,7,9,0
C:\PROJECTS\webmagic-develop\webmagic-develop\webmagic-extension\src\main\java\us\codecraft\webmagic\scheduler\FileCacheQueueScheduler.java,us.codecraft.webmagic.scheduler.FileCacheQueueScheduler,class,6,12,6,6,30,2,0,40,58,0.80213904,0.2857143,0.35714287,17,0,5,9,3,0,8,0,0,1,11,0,0,11,0,0,0,0,2,154,6,2,4,4,2,10,4,22,2,17,3,2,0,0,80,1,3
C:\PROJECTS\webmagic-develop\webmagic-develop\webmagic-extension\src\test\java\us\codecraft\webmagic\model\BaseRepo.java,us.codecraft.webmagic.model.BaseRepo,class,1,2,1,1,0,1,1,0,0,NaN,-1.0,-1.0,0,0,0,0,0,0,0,0,0,0,1,0,0,0,1,0,0,0,0,3,0,0,0,0,0,1,0,0,0,1,0,0,0,0,7,1,0
C:\PROJECTS\webmagic-develop\webmagic-develop\webmagic-extension\src\main\java\us\codecraft\webmagic\example\PatternProcessorExample.java,us.codecraft.webmagic.example.PatternProcessorExample,class,7,8,1,7,1,1,0,11,0,1.0,NaN,NaN,1,1,1,0,0,0,1,0,0,0,1,1,0,1,0,0,0,0,2,36,0,0,0,0,0,4,2,5,0,5,0,2,0,0,23,1,0
C:\PROJECTS\webmagic-develop\webmagic-develop\webmagic-samples\src\main\java\us\codecraft\webmagic\model\samples\Kr36NewsModel.java,us.codecraft.webmagic.model.samples.Kr36NewsModel$Anonymous1,anonymous,1,1,0,1,1,1,0,0,0,0.0,NaN,NaN,1,0,1,0,0,0,1,0,0,0,0,0,0,0,0,0,0,0,0,4,0,0,0,0,0,0,0,0,0,0,0,0,0,0,4,-1,0
C:\PROJECTS\webmagic-develop\webmagic-develop\webmagic-core\src\main\java\us\codecraft\webmagic\processor\PageProcessor.java,us.codecraft.webmagic.processor.PageProcessor,interface,2,39,37,2,2,1,0,1,1,0.0,0.0,0.0,2,0,0,0,0,2,2,0,0,0,0,0,0,0,0,0,0,0,1,6,1,0,0,0,0,0,0,0,0,0,0,0,0,0,36,1,0
C:\PROJECTS\webmagic-develop\webmagic-develop\webmagic-extension\src\main\java\us\codecraft\webmagic\pipeline\CollectorPageModelPipeline.java,us.codecraft.webmagic.pipeline.CollectorPageModelPipeline,class,3,4,1,3,2,1,0,1,0,0.0,1.0,1.0,2,0,2,0,0,0,2,0,0,1,1,0,0,1,0,0,0,0,0,9,1,0,0,0,0,0,0,1,0,1,0,0,0,0,8,1,0
C:\PROJECTS\webmagic-develop\webmagic-develop\webmagic-extension\src\test\java\us\codecraft\webmagic\MockPageModelPipeline.java,us.codecraft.webmagic.MockPageModelPipeline,class,2,2,0,2,1,1,0,1,0,0.0,NaN,NaN,1,0,1,0,0,0,1,0,0,0,0,0,0,0,0,0,0,0,0,5,0,0,0,0,0,0,0,0,0,0,0,0,0,0,9,1,0
C:\PROJECTS\webmagic-develop\webmagic-develop\webmagic-selenium\src\main\java\us\codecraft\webmagic\downloader\selenium\WebDriverPool.java,us.codecraft.webmagic.downloader.selenium.WebDriverPool,class,8,11,3,8,25,1,0,25,12,0.8203125,0.23809524,0.71428573,8,0,6,1,1,0,7,0,0,0,16,9,0,14,2,0,8,0,4,121,4,1,5,2,1,26,3,27,2,21,4,0,0,0,125,0,1
C:\PROJECTS\webmagic-develop\webmagic-develop\webmagic-core\src\test\java\us\codecraft\webmagic\RequestTest.java,us.codecraft.webmagic.RequestTest,class,2,2,0,2,1,1,0,5,0,0.0,NaN,NaN,1,0,1,0,0,0,1,0,0,0,0,0,0,0,0,0,0,0,0,12,0,0,0,0,0,2,0,2,0,2,0,0,0,0,13,1,0
C:\PROJECTS\webmagic-develop\webmagic-develop\webmagic-extension\src\main\java\us\codecraft\webmagic\monitor\SpiderStatusMXBean.java,us.codecraft.webmagic.monitor.SpiderStatusMXBean,interface,0,4,4,0,12,1,0,0,66,0.0,0.0,0.0,12,0,12,0,0,0,12,0,0,0,0,0,0,0,0,0,0,0,0,14,0,0,0,0,0,0,0,0,0,0,0,0,0,0,22,1,0
C:\PROJECTS\webmagic-develop\webmagic-develop\webmagic-extension\src\main\java\us\codecraft\webmagic\model\ConsolePageModelPipeline.java,us.codecraft.webmagic.model.ConsolePageModelPipeline,class,2,7,5,2,1,1,0,2,0,0.0,NaN,NaN,1,0,1,0,0,0,1,0,0,0,0,0,0,0,0,0,0,0,0,5,0,0,0,0,0,0,0,0,0,0,0,0,0,0,15,1,0
C:\PROJECTS\webmagic-develop\webmagic-develop\webmagic-extension\src\test\java\us\codecraft\webmagic\SimpleHttpClientTest.java,us.codecraft.webmagic.SimpleHttpClientTest$Weather,innerclass,3,3,0,3,11,1,0,0,11,0.65,0.37777779,1.0,10,0,10,0,0,0,10,0,0,0,4,0,0,4,0,0,0,0,0,40,5,0,0,0,0,8,0,7,2,5,1,0,0,0,28,9,0
C:\PROJECTS\webmagic-develop\webmagic-develop\webmagic-extension\src\main\java\us\codecraft\webmagic\pipeline\FilePageModelPipeline.java,us.codecraft.webmagic.pipeline.FilePageModelPipeline,class,5,5,0,5,5,2,0,11,3,0.6666667,0.0,0.0,3,0,3,0,0,0,3,0,0,0,1,0,0,1,0,0,0,0,0,27,0,0,0,1,1,4,0,5,3,4,2,0,0,0,58,1,1
C:\PROJECTS\webmagic-develop\webmagic-develop\webmagic-scripts\src\main\java\us\codecraft\webmagic\scripts\ScriptEnginePool.java,us.codecraft.webmagic.scripts.ScriptEnginePool,class,1,2,1,1,4,1,0,6,0,0.22222222,1.0,1.0,3,0,3,0,0,0,3,0,0,0,3,0,0,3,0,0,3,0,0,22,1,1,0,0,0,0,1,6,0,6,1,0,0,0,17,1,0
C:\PROJECTS\webmagic-develop\webmagic-develop\webmagic-core\src\main\java\us\codecraft\webmagic\processor\SimplePageProcessor.java,us.codecraft.webmagic.processor.SimplePageProcessor,class,6,7,1,6,3,1,0,11,0,0.33333334,0.6666667,1.0,3,0,3,0,0,0,3,0,0,0,2,0,0,2,0,0,0,0,1,18,1,0,0,0,0,10,0,3,1,3,0,0,0,0,13,1,0
C:\PROJECTS\webmagic-develop\webmagic-develop\webmagic-extension\src\main\java\us\codecraft\webmagic\example\GithubRepoApi.java,us.codecraft.webmagic.example.GithubRepoApi,class,8,9,1,8,8,1,0,5,24,0.8333333,0.071428575,0.10714286,8,1,8,0,0,0,8,0,0,0,6,0,0,6,0,0,0,0,2,32,7,0,0,0,0,7,1,0,1,6,0,0,0,0,28,1,0
C:\PROJECTS\webmagic-develop\webmagic-develop\webmagic-extension\src\test\java\us\codecraft\webmagic\model\PageModelExtractorTest.java,us.codecraft.webmagic.model.PageModelExtractorTest$ModelDateStr,innerclass,1,1,0,1,0,1,0,0,0,NaN,-1.0,-1.0,0,0,0,0,0,0,0,0,0,0,1,0,0,1,0,0,0,0,0,3,0,0,0,0,0,1,0,0,0,1,0,0,0,0,7,9,0
C:\PROJECTS\webmagic-develop\webmagic-develop\webmagic-extension\src\main\java\us\codecraft\webmagic\pipeline\MultiPagePipeline.java,us.codecraft.webmagic.pipeline.MultiPagePipeline$Anonymous1,anonymous,1,1,0,1,2,1,0,3,0,0.0,NaN,NaN,1,0,1,0,0,0,1,0,0,0,0,0,0,0,0,0,0,0,2,12,2,0,0,1,0,0,0,2,1,2,1,0,0,0,8,-1,0
C:\PROJECTS\webmagic-develop\webmagic-develop\webmagic-samples\src\main\java\us\codecraft\webmagic\samples\KaichibaProcessor.java,us.codecraft.webmagic.samples.KaichibaProcessor,class,7,8,1,7,3,1,0,16,3,0.0,0.0,0.0,3,1,3,0,0,0,3,0,0,0,0,0,0,0,0,0,0,0,3,14,1,0,0,0,0,16,1,1,2,1,0,0,0,0,28,1,0
C:\PROJECTS\webmagic-develop\webmagic-develop\webmagic-samples\src\main\java\us\codecraft\webmagic\recover\RecoverSample.java,us.codecraft.webmagic.recover.RecoverSample,class,5,5,0,5,1,1,0,3,0,0.0,NaN,NaN,1,1,1,0,0,0,1,0,0,0,0,0,0,0,0,0,0,0,0,10,0,0,0,0,0,3,0,4,0,4,0,0,0,0,19,1,0
C:\PROJECTS\webmagic-develop\webmagic-develop\webmagic-core\src\main\java\us\codecraft\webmagic\processor\example\ZhihuPageProcessor.java,us.codecraft.webmagic.processor.example.ZhihuPageProcessor,class,8,11,3,8,4,1,0,17,3,0.6666667,0.0,0.0,3,1,3,0,0,0,3,0,0,0,1,0,0,1,0,0,0,0,2,18,1,0,1,0,0,9,2,1,0,1,1,0,0,0,17,1,0
C:\PROJECTS\webmagic-develop\webmagic-develop\webmagic-extension\src\test\java\us\codecraft\webmagic\model\GithubRepoTest.java,us.codecraft.webmagic.model.GithubRepoTest$Anonymous1,anonymous,2,2,0,2,1,1,0,4,0,0.0,NaN,NaN,1,0,1,0,0,0,1,0,0,0,0,0,0,0,0,0,0,0,0,6,0,0,0,0,0,0,2,0,0,0,0,0,0,0,7,-1,0
C:\PROJECTS\webmagic-develop\webmagic-develop\webmagic-samples\src\main\java\us\codecraft\webmagic\samples\IteyeBlogProcessor.java,us.codecraft.webmagic.samples.IteyeBlogProcessor,class,7,8,1,7,4,1,0,15,3,0.6666667,0.0,0.0,3,1,3,0,0,0,3,0,0,0,1,0,0,1,0,0,0,0,2,17,1,0,1,0,0,6,1,1,0,1,1,0,0,0,13,1,0
C:\PROJECTS\webmagic-develop\webmagic-develop\webmagic-core\src\main\java\us\codecraft\webmagic\pipeline\CollectorPipeline.java,us.codecraft.webmagic.pipeline.CollectorPipeline,interface,2,7,5,2,1,1,0,0,0,0.0,NaN,NaN,1,0,1,0,0,0,1,0,0,0,0,0,0,0,0,0,0,0,0,3,0,0,0,0,0,0,0,0,0,0,0,0,0,0,13,1,0
C:\PROJECTS\webmagic-develop\webmagic-develop\webmagic-extension\src\main\java\us\codecraft\webmagic\handler\CompositePipeline.java,us.codecraft.webmagic.handler.CompositePipeline,class,7,9,2,7,8,1,0,4,0,0.0,1.0,1.0,3,0,3,0,0,0,3,0,0,0,1,0,0,1,0,0,0,0,0,24,3,2,2,0,0,0,0,3,0,2,3,0,0,0,16,1,0
C:\PROJECTS\webmagic-develop\webmagic-develop\webmagic-extension\src\test\java\us\codecraft\webmagic\model\ModelPageProcessorTest.java,us.codecraft.webmagic.model.ModelPageProcessorTest$MockModel,innerclass,2,2,0,2,0,1,0,0,0,0.0,-1.0,-1.0,0,0,0,0,0,0,0,0,0,0,0,0,0,0,0,0,0,0,0,2,0,0,0,0,0,4,0,0,0,0,0,0,0,0,5,9,0
C:\PROJECTS\webmagic-develop\webmagic-develop\webmagic-extension\src\test\java\us\codecraft\webmagic\processor\GithubRepoProcessor.java,us.codecraft.webmagic.processor.GithubRepoProcessor,class,10,11,1,10,3,1,0,9,3,0.0,0.0,0.0,3,0,3,0,0,0,3,0,0,0,0,0,0,0,0,0,0,0,2,18,1,0,0,0,0,5,0,0,0,0,0,1,0,0,17,1,0
C:\PROJECTS\webmagic-develop\webmagic-develop\webmagic-core\src\main\java\us\codecraft\webmagic\selector\XpathSelector.java,us.codecraft.webmagic.selector.XpathSelector,class,4,11,7,4,7,2,0,8,0,0.16666667,0.6666667,0.6666667,6,0,6,0,0,0,6,0,0,0,1,0,0,1,0,0,0,0,0,25,6,0,0,0,0,0,1,2,0,2,1,0,0,0,21,1,0
C:\PROJECTS\webmagic-develop\webmagic-develop\webmagic-samples\src\main\java\us\codecraft\webmagic\samples\scheduler\DelayQueueScheduler.java,us.codecraft.webmagic.samples.scheduler.DelayQueueScheduler$RequestWrapper,innerclass,2,2,0,2,5,1,0,5,6,0.6,0.0,0.0,5,0,2,3,0,0,2,0,0,0,2,0,0,2,0,0,0,0,2,20,4,0,0,0,0,0,0,3,2,3,0,0,0,0,16,2,0
C:\PROJECTS\webmagic-develop\webmagic-develop\webmagic-extension\src\main\java\us\codecraft\webmagic\utils\IPUtils.java,us.codecraft.webmagic.utils.IPUtils,class,0,1,1,0,6,1,0,9,0,0.0,NaN,NaN,1,1,1,0,0,0,1,0,0,0,0,0,0,0,0,0,0,0,1,20,2,2,0,0,0,0,0,6,0,5,3,0,0,0,20,1025,0
C:\PROJECTS\webmagic-develop\webmagic-develop\webmagic-core\src\main\java\us\codecraft\webmagic\scheduler\component\DuplicateRemover.java,us.codecraft.webmagic.scheduler.component.DuplicateRemover,interface,2,14,12,2,3,1,0,0,3,0.0,0.0,0.0,3,0,3,0,0,0,3,0,0,0,0,0,0,0,0,0,0,0,0,5,0,0,0,0,0,0,0,0,0,0,0,0,0,0,23,1,0
C:\PROJECTS\webmagic-develop\webmagic-develop\webmagic-samples\src\main\java\us\codecraft\webmagic\model\samples\Blog.java,us.codecraft.webmagic.model.samples.Blog,interface,0,1,1,0,2,1,0,0,1,0.0,0.0,0.0,2,0,2,0,0,0,2,0,0,0,0,0,0,0,0,0,0,0,0,4,0,0,0,0,0,0,0,0,0,0,0,0,0,0,4,1,0
C:\PROJECTS\webmagic-develop\webmagic-develop\webmagic-core\src\test\java\us\codecraft\webmagic\proxy\ProxyTest.java,us.codecraft.webmagic.proxy.ProxyTest$Fetch,innerclass,1,1,0,1,3,2,0,5,0,0.0,1.0,1.0,2,0,2,0,0,0,2,0,0,0,1,0,0,0,0,1,0,0,1,15,0,0,0,1,0,2,1,1,1,1,1,0,0,0,13,0,0
C:\PROJECTS\webmagic-develop\webmagic-develop\webmagic-samples\src\main\java\us\codecraft\webmagic\samples\GithubRepoPageProcessor.java,us.codecraft.webmagic.samples.GithubRepoPageProcessor,class,8,9,1,8,4,1,0,21,3,0.6666667,0.0,0.0,3,1,3,0,0,0,3,0,0,0,1,0,0,1,0,0,0,0,2,23,1,0,1,0,0,7,3,2,0,2,1,0,0,0,21,1,0
C:\PROJECTS\webmagic-develop\webmagic-develop\webmagic-core\src\main\java\us\codecraft\webmagic\utils\NumberUtils.java,us.codecraft.webmagic.utils.NumberUtils,class,0,3,3,0,3,1,0,0,0,0.0,NaN,NaN,1,1,1,0,0,0,1,0,0,0,0,0,0,0,0,0,0,0,0,13,3,0,1,0,0,0,3,0,0,0,1,0,0,0,6,1025,0
C:\PROJECTS\webmagic-develop\webmagic-develop\webmagic-samples\src\main\java\us\codecraft\webmagic\samples\scheduler\DelayQueueScheduler.java,us.codecraft.webmagic.samples.scheduler.DelayQueueScheduler,class,4,5,1,4,6,3,0,6,1,0.5833334,0.33333334,0.33333334,3,0,3,0,0,0,3,0,0,2,4,0,0,4,0,0,0,0,0,48,1,1,1,1,0,0,0,6,0,5,2,0,1,0,21,1,0
C:\PROJECTS\webmagic-develop\webmagic-develop\webmagic-samples\src\main\java\us\codecraft\webmagic\model\samples\BaiduNews.java,us.codecraft.webmagic.model.samples.BaiduNews,class,5,6,1,5,4,1,0,6,2,0.5,0.33333334,0.5,4,1,4,0,0,0,4,0,0,0,2,0,0,2,0,0,0,0,2,19,3,0,0,0,0,6,1,2,2,4,0,0,0,0,26,1,0
C:\PROJECTS\webmagic-develop\webmagic-develop\webmagic-saxon\src\main\java\us\codecraft\webmagic\selector\Xpath2Selector.java,us.codecraft.webmagic.selector.Xpath2Selector$XPath2NamespaceContext,enum,1,1,0,1,9,1,0,9,2,0.5,0.16666667,0.16666667,5,0,3,1,0,1,4,0,0,0,2,0,0,2,0,0,2,0,0,30,5,0,2,0,0,3,3,5,0,6,1,0,0,1,26,0,0
C:\PROJECTS\webmagic-develop\webmagic-develop\webmagic-samples\src\main\java\us\codecraft\webmagic\samples\PhantomJSPageProcessor.java,us.codecraft.webmagic.samples.PhantomJSPageProcessor,class,9,10,1,9,4,1,0,21,3,0.6666667,0.0,0.0,3,1,3,0,0,0,3,0,0,0,1,0,0,1,0,0,0,0,3,16,1,0,1,0,1,7,5,4,2,4,1,0,0,0,29,1,0
C:\PROJECTS\webmagic-develop\webmagic-develop\webmagic-extension\src\main\java\us\codecraft\webmagic\pipeline\PageModelPipeline.java,us.codecraft.webmagic.pipeline.PageModelPipeline,interface,2,12,10,2,1,1,0,0,0,0.0,NaN,NaN,1,0,1,0,0,0,1,0,0,0,0,0,0,0,0,0,0,0,0,3,0,0,0,0,0,0,0,0,0,0,0,0,0,0,12,1,0
C:\PROJECTS\webmagic-develop\webmagic-develop\webmagic-core\src\main\java\us\codecraft\webmagic\ResultItems.java,us.codecraft.webmagic.ResultItems,class,3,38,35,3,9,1,0,2,4,0.5833333,0.42857143,1.0,8,0,8,0,0,0,8,0,0,0,3,0,0,3,0,0,0,0,0,36,9,0,1,0,0,5,0,4,2,4,1,0,0,0,39,1,0
C:\PROJECTS\webmagic-develop\webmagic-develop\webmagic-core\src\test\java\us\codecraft\webmagic\proxy\SimpleProxyProviderTest.java,us.codecraft.webmagic.proxy.SimpleProxyProviderTest,class,5,5,0,5,1,1,0,6,0,0.0,NaN,NaN,1,0,1,0,0,0,1,0,0,0,1,1,1,0,0,0,1,0,2,14,0,0,0,0,0,2,2,7,0,5,0,0,0,0,18,1,0
C:\PROJECTS\webmagic-develop\webmagic-develop\webmagic-selenium\src\test\java\us\codecraft\webmagic\downloader\selenium\SeleniumDownloaderTest.java,us.codecraft.webmagic.downloader.selenium.SeleniumDownloaderTest,class,8,8,0,8,3,1,0,11,0,0.0,1.0,1.0,2,0,2,0,0,0,2,0,0,0,1,0,0,1,0,0,0,0,3,35,0,1,0,0,0,11,3,8,1,8,1,2,0,0,21,1,0
C:\PROJECTS\webmagic-develop\webmagic-develop\webmagic-selenium\src\test\java\us\codecraft\webmagic\downloader\selenium\WebDriverPoolTest.java,us.codecraft.webmagic.downloader.selenium.WebDriverPoolTest,class,4,4,0,4,3,1,0,6,0,0.0,NaN,NaN,1,0,1,0,0,0,1,0,0,0,1,0,0,1,0,0,0,0,1,17,0,1,0,1,0,3,3,4,0,4,2,0,0,0,15,1,0
C:\PROJECTS\webmagic-develop\webmagic-develop\webmagic-extension\src\main\java\us\codecraft\webmagic\example\GithubRepoPageMapper.java,us.codecraft.webmagic.example.GithubRepoPageMapper,class,9,10,1,9,4,1,0,15,3,0.6666667,0.0,0.0,3,1,3,0,0,0,3,0,0,0,2,0,0,2,0,0,0,0,2,21,1,0,1,0,0,4,3,3,0,3,1,0,0,0,15,1,0
C:\PROJECTS\webmagic-develop\webmagic-develop\webmagic-samples\src\main\java\us\codecraft\webmagic\recover\MmapQueueScheduler.java,us.codecraft.webmagic.recover.MmapQueueScheduler,class,9,11,2,9,9,2,0,21,0,0.55,0.6,1.0,5,0,5,0,0,0,5,0,0,0,4,2,0,4,0,0,0,0,0,48,7,0,0,2,0,3,3,7,2,7,1,0,0,0,45,1,2
C:\PROJECTS\webmagic-develop\webmagic-develop\webmagic-core\src\main\java\us\codecraft\webmagic\Task.java,us.codecraft.webmagic.Task,interface,1,66,65,1,2,1,0,0,1,0.0,0.0,0.0,2,0,2,0,0,0,2,0,0,0,0,0,0,0,0,0,0,0,0,4,0,0,0,0,0,0,0,0,0,0,0,0,0,0,16,1,0
